date,pollution,dew,temp,press,wnd_dir,wnd_spd,snow,rain
2010-01-02 0:00:00,129,-16,-4,1020,SE,1.79,0,0
2010-01-02 1:00:00,148,-15,-4,1020,SE,2.68,0,0
2010-01-02 2:00:00,159,-11,-5,1021,SE,3.57,0,0
2010-01-02 3:00:00,181,-7,-5,1022,SE,5.36,1,0
2010-01-02 4:00:00,138,-7,-5,1022,SE,6.25,2,0
2010-01-02 5:00:00,109,-7,-6,1022,SE,7.14,3,0
2010-01-02 6:00:00,105,-7,-6,1023,SE,8.93,4,0
2010-01-02 7:00:00,124,-7,-5,1024,SE,10.72,0,0
2010-01-02 8:00:00,120,-8,-6,1024,SE,12.51,0,0
2010-01-02 9:00:00,132,-7,-5,1025,SE,14.3,0,0
2010-01-02 10:00:00,140,-7,-5,1026,SE,17.43,1,0
2010-01-02 11:00:00,152,-8,-5,1026,SE,20.56,0,0
2010-01-02 12:00:00,148,-8,-5,1026,SE,23.69,0,0
2010-01-02 13:00:00,164,-8,-5,1025,SE,27.71,0,0
2010-01-02 14:00:00,158,-9,-5,1025,SE,31.73,0,0
2010-01-02 15:00:00,154,-9,-5,1025,SE,35.75,0,0
2010-01-02 16:00:00,159,-9,-5,1026,SE,37.54,0,0
2010-01-02 17:00:00,164,-8,-5,1027,SE,39.33,0,0
2010-01-02 18:00:00,170,-8,-5,1027,SE,42.46,0,0
2010-01-02 19:00:00,149,-8,-5,1028,SE,44.25,0,0
2010-01-02 20:00:00,154,-7,-5,1028,SE,46.04,0,0
2010-01-02 21:00:00,164,-7,-5,1027,SE,49.17,1,0
2010-01-02 22:00:00,156,-8,-6,1028,SE,52.3,2,0
2010-01-02 23:00:00,126,-8,-6,1027,SE,55.43,3,0
2010-01-03 0:00:00,90,-7,-6,1027,SE,58.56,4,0
2010-01-03 1:00:00,63,-8,-6,1026,SE,61.69,5,0
2010-01-03 2:00:00,65,-8,-7,1026,SE,65.71,6,0
2010-01-03 3:00:00,55,-8,-7,1025,SE,68.84,7,0
2010-01-03 4:00:00,65,-8,-7,1024,SE,72.86,8,0
2010-01-03 5:00:00,83,-9,-8,1024,SE,76.88,9,0
2010-01-03 6:00:00,91,-10,-8,1024,SE,80.9,10,0
2010-01-03 7:00:00,86,-10,-9,1024,SE,84.92,11,0
2010-01-03 8:00:00,82,-10,-9,1024,SE,89.84,12,0
2010-01-03 9:00:00,86,-11,-9,1023,SE,93.86,13,0
2010-01-03 10:00:00,78,-11,-9,1023,SE,97.88,15,0
2010-01-03 11:00:00,98,-11,-9,1022,SE,102.8,16,0
2010-01-03 12:00:00,107,-11,-9,1021,SE,105.93,17,0
2010-01-03 13:00:00,90,-11,-9,1020,SE,111.74,19,0
2010-01-03 14:00:00,96,-11,-9,1020,SE,116.66,20,0
2010-01-03 15:00:00,95,-11,-9,1020,SE,121.58,21,0
2010-01-03 16:00:00,86,-11,-9,1020,SE,124.71,22,0
2010-01-03 17:00:00,70,-11,-9,1020,SE,127.84,23,0
2010-01-03 18:00:00,61,-11,-9,1021,cv,0.89,24,0
2010-01-03 19:00:00,53,-11,-9,1022,cv,1.78,25,0
2010-01-03 20:00:00,71,-10,-9,1022,NW,4.02,26,0
2010-01-03 21:00:00,72,-11,-10,1023,NW,7.15,27,0
2010-01-03 22:00:00,76,-11,-9,1023,NW,11.17,0,0
2010-01-03 23:00:00,73,-12,-11,1023,NW,14.3,0,0
2010-01-04 0:00:00,79,-14,-12,1023,NW,16.09,0,0
2010-01-04 1:00:00,58,-16,-9,1023,NW,21.9,0,0
2010-01-04 2:00:00,25,-17,-10,1024,NW,29.95,0,0
2010-01-04 3:00:00,26,-18,-11,1024,NW,39.78,0,0
2010-01-04 4:00:00,28,-19,-11,1025,NW,48.72,0,0
2010-01-04 5:00:00,26,-20,-12,1026,NW,55.87,0,0
2010-01-04 6:00:00,20,-21,-12,1027,NW,64.81,0,0
2010-01-04 7:00:00,29,-21,-13,1027,NW,73.75,0,0
2010-01-04 8:00:00,26,-22,-13,1028,NW,80.9,0,0
2010-01-04 9:00:00,27,-22,-13,1029,NW,90.73,0,0
2010-01-04 10:00:00,27,-22,-12,1030,NW,100.56,0,0
2010-01-04 11:00:00,25,-23,-12,1031,NW,108.61,0,0
2010-01-04 12:00:00,29,-21,-11,1030,NW,117.55,0,0
2010-01-04 13:00:00,32,-20,-10,1030,NW,127.38,0,0
2010-01-04 14:00:00,28,-21,-10,1030,NW,136.32,0,0
2010-01-04 15:00:00,29,-21,-9,1030,NW,145.26,0,0
2010-01-04 16:00:00,30,-21,-9,1031,NW,152.41,0,0
2010-01-04 17:00:00,30,-20,-11,1032,NW,159.56,0,0
2010-01-04 18:00:00,28,-23,-11,1032,NW,165.37,0,0
2010-01-04 19:00:00,26,-21,-12,1033,NW,171.18,0,0
2010-01-04 20:00:00,31,-24,-12,1034,NW,180.12,0,0
2010-01-04 21:00:00,33,-24,-13,1034,NW,187.27,0,0
2010-01-04 22:00:00,29,-24,-13,1035,NW,195.32,0,0
2010-01-04 23:00:00,31,-26,-15,1035,NW,198.45,0,0
2010-01-05 0:00:00,30,-26,-17,1035,NW,201.58,0,0
2010-01-05 1:00:00,34,-26,-18,1035,NW,205.6,0,0
2010-01-05 2:00:00,27,-26,-19,1035,NW,208.73,0,0
2010-01-05 3:00:00,25,-27,-18,1035,NW,213.65,0,0
2010-01-05 4:00:00,28,-27,-19,1035,NW,218.57,0,0
2010-01-05 5:00:00,28,-27,-16,1034,NE,4.92,0,0
2010-01-05 6:00:00,27,-26,-16,1035,NE,8.05,0,0
2010-01-05 7:00:00,27,-27,-16,1034,NE,13.86,0,0
2010-01-05 8:00:00,27,-26,-16,1035,NE,18.78,0,0
2010-01-05 9:00:00,29,-26,-15,1035,NE,24.59,0,0
2010-01-05 10:00:00,36,-25,-14,1035,NE,29.51,0,0
2010-01-05 11:00:00,30,-25,-13,1035,NE,34.43,0,0
2010-01-05 12:00:00,27,-25,-12,1034,NE,39.35,0,0
2010-01-05 13:00:00,39,-24,-11,1032,NE,41.14,0,0
2010-01-05 14:00:00,41,-22,-11,1032,cv,0.89,0,0
2010-01-05 15:00:00,33,-23,-11,1031,NW,1.79,0,0
2010-01-05 16:00:00,50,-24,-11,1031,NW,3.58,0,0
2010-01-05 17:00:00,56,-23,-11,1031,NW,5.37,0,0
2010-01-05 18:00:00,59,-23,-11,1032,NW,7.16,0,0
2010-01-05 19:00:00,60,-22,-13,1033,NW,10.29,0,0
2010-01-05 20:00:00,84,-22,-12,1033,NW,13.42,0,0
2010-01-05 21:00:00,106,-24,-18,1033,NW,16.55,0,0
2010-01-05 22:00:00,66,-22,-13,1034,NW,20.57,0,0
2010-01-05 23:00:00,50,-22,-16,1033,NW,23.7,0,0
2010-01-06 0:00:00,56,-25,-17,1033,NW,26.83,0,0
2010-01-06 1:00:00,77,-25,-14,1033,NE,4.02,0,0
2010-01-06 2:00:00,50,-26,-14,1034,NE,8.04,0,0
2010-01-06 3:00:00,44,-26,-14,1033,NE,13.85,0,0
2010-01-06 4:00:00,27,-26,-14,1033,NE,17.87,0,0
2010-01-06 5:00:00,28,-26,-14,1033,NE,23.68,0,0
2010-01-06 6:00:00,21,-26,-14,1033,NE,28.6,0,0
2010-01-06 7:00:00,25,-26,-15,1034,NE,33.52,0,0
2010-01-06 8:00:00,20,-26,-14,1034,NE,39.33,0,0
2010-01-06 9:00:00,29,-25,-13,1035,NE,44.25,0,0
2010-01-06 10:00:00,34,-25,-12,1035,NE,50.06,0,0
2010-01-06 11:00:00,42,-24,-11,1035,NE,54.98,0,0
2010-01-06 12:00:00,28,-24,-10,1034,NE,59,0,0
2010-01-06 13:00:00,36,-22,-10,1033,NW,4.02,0,0
2010-01-06 14:00:00,48,-22,-9,1033,NW,5.81,0,0
2010-01-06 15:00:00,49,-22,-8,1033,cv,0.89,0,0
2010-01-06 16:00:00,52,-22,-8,1033,NW,1.79,0,0
2010-01-06 17:00:00,56,-21,-9,1033,NW,3.58,0,0
2010-01-06 18:00:00,96,-22,-9,1033,NW,5.37,0,0
2010-01-06 19:00:00,75,-22,-14,1034,cv,0.89,0,0
2010-01-06 20:00:00,105,-22,-12,1035,NW,1.79,0,0
2010-01-06 21:00:00,132,-21,-14,1034,NW,3.58,0,0
2010-01-06 22:00:00,93,-22,-16,1035,NW,5.37,0,0
2010-01-06 23:00:00,131,-21,-16,1035,NW,7.16,0,0
2010-01-07 0:00:00,127,-21,-16,1035,NW,8.95,0,0
2010-01-07 1:00:00,130,-21,-16,1035,cv,0.45,0,0
2010-01-07 2:00:00,43,-22,-18,1036,cv,1.34,0,0
2010-01-07 3:00:00,37,-23,-15,1036,NW,4.02,0,0
2010-01-07 4:00:00,30,-24,-16,1035,NW,7.15,0,0
2010-01-07 5:00:00,28,-25,-15,1035,NW,10.28,0,0
2010-01-07 6:00:00,24,-24,-15,1035,NW,14.3,0,0
2010-01-07 7:00:00,23,-25,-13,1036,NE,4.92,0,0
2010-01-07 8:00:00,24,-24,-14,1036,NW,4.02,0,0
2010-01-07 9:00:00,27,-23,-12,1036,NW,8.94,0,0
2010-01-07 10:00:00,40,-22,-11,1036,NW,12.96,0,0
2010-01-07 11:00:00,42,-20,-10,1036,NW,16.09,0,0
2010-01-07 12:00:00,42,-21,-9,1035,NW,19.22,0,0
2010-01-07 13:00:00,55,-21,-8,1034,NW,21.01,0,0
2010-01-07 14:00:00,52,-20,-7,1033,NW,22.8,0,0
2010-01-07 15:00:00,51,-20,-7,1032,NW,24.59,0,0
2010-01-07 16:00:00,57,-18,-8,1032,NW,26.38,0,0
2010-01-07 17:00:00,50,-19,-9,1032,NW,28.17,0,0
2010-01-07 18:00:00,54,-19,-11,1032,NE,0.89,0,0
2010-01-07 19:00:00,67,-18,-11,1033,NW,1.79,0,0
2010-01-07 20:00:00,106,-19,-15,1032,NE,1.79,0,0
2010-01-07 21:00:00,159,-19,-14,1032,cv,0.45,0,0
2010-01-07 22:00:00,198,-21,-14,1032,cv,1.34,0,0
2010-01-07 23:00:00,190,-21,-16,1032,cv,2.23,0,0
2010-01-08 0:00:00,210,-21,-17,1031,NW,1.79,0,0
2010-01-08 1:00:00,195,-19,-16,1031,NW,3.58,0,0
2010-01-08 2:00:00,275,-20,-16,1031,NE,0.89,0,0
2010-01-08 3:00:00,164,-19,-15,1030,SE,0.89,0,0
2010-01-08 4:00:00,110,-18,-15,1030,cv,0.45,0,0
2010-01-08 5:00:00,100,-18,-15,1029,cv,1.34,0,0
2010-01-08 6:00:00,81,-18,-15,1029,NW,1.79,0,0
2010-01-08 7:00:00,71,-16,-13,1029,NE,0.89,0,0
2010-01-08 8:00:00,66,-16,-12,1029,SE,0.89,0,0
2010-01-08 9:00:00,92,-16,-12,1030,SE,1.78,0,0
2010-01-08 10:00:00,135,-17,-10,1030,NE,0.89,0,0
2010-01-08 11:00:00,155,-16,-10,1029,cv,0.89,0,0
2010-01-08 12:00:00,198,-16,-9,1028,SE,3.13,0,0
2010-01-08 13:00:00,250,-15,-8,1026,SE,4.92,0,0
2010-01-08 14:00:00,200,-16,-8,1026,cv,0.89,0,0
2010-01-08 15:00:00,231,-16,-8,1025,cv,1.78,0,0
2010-01-08 16:00:00,250,-16,-8,1025,cv,2.67,0,0
2010-01-08 17:00:00,212,-17,-8,1025,SE,0.89,0,0
2010-01-08 18:00:00,219,-17,-9,1026,cv,0.45,0,0
2010-01-08 19:00:00,227,-17,-11,1026,cv,1.34,0,0
2010-01-08 20:00:00,226,-17,-12,1026,cv,1.79,0,0
2010-01-08 21:00:00,225,-18,-14,1027,NW,1.79,0,0
2010-01-08 22:00:00,168,-16,-9,1027,NW,4.92,0,0
2010-01-08 23:00:00,169,-16,-11,1027,NW,6.71,0,0
2010-01-09 0:00:00,165,-17,-13,1027,cv,0.89,0,0
2010-01-09 1:00:00,159,-17,-13,1027,NW,3.13,0,0
2010-01-09 2:00:00,167,-17,-14,1027,NW,4.92,0,0
2010-01-09 3:00:00,196,-17,-15,1027,NW,8.05,0,0
2010-01-09 4:00:00,169,-17,-13,1027,NW,9.84,0,0
2010-01-09 5:00:00,155,-19,-16,1027,NW,13.86,0,0
2010-01-09 6:00:00,119,-18,-15,1027,NW,17.88,0,0
2010-01-09 7:00:00,106,-19,-15,1027,NW,21.9,0,0
2010-01-09 8:00:00,93,-18,-14,1028,NW,25.92,0,0
2010-01-09 9:00:00,84,-18,-9,1029,NE,5.81,0,0
2010-01-09 10:00:00,73,-17,-7,1029,NE,11.62,0,0
2010-01-09 11:00:00,66,-17,-6,1030,NE,17.43,0,0
2010-01-09 12:00:00,40,-16,-6,1029,NE,23.24,0,0
2010-01-09 13:00:00,49,-16,-5,1029,NE,28.16,0,0
2010-01-09 14:00:00,50,-15,-4,1029,NE,33.08,0,0
2010-01-09 15:00:00,49,-14,-4,1028,NE,37.1,0,0
2010-01-09 16:00:00,41,-15,-4,1029,NE,38.89,0,0
2010-01-09 17:00:00,37,-15,-4,1030,NW,1.79,0,0
2010-01-09 18:00:00,45,-15,-7,1030,NE,3.13,0,0
2010-01-09 19:00:00,44,-15,-6,1031,NW,3.13,0,0
2010-01-09 20:00:00,54,-15,-7,1032,NW,4.92,0,0
2010-01-09 21:00:00,50,-15,-6,1032,NE,3.13,0,0
2010-01-09 22:00:00,47,-15,-8,1033,cv,0.45,0,0
2010-01-09 23:00:00,66,-15,-8,1033,cv,0.9,0,0
2010-01-10 0:00:00,75,-15,-11,1033,NW,0.89,0,0
2010-01-10 1:00:00,82,-17,-13,1033,NW,1.78,0,0
2010-01-10 2:00:00,66,-17,-12,1033,NW,4.91,0,0
2010-01-10 3:00:00,83,-17,-13,1033,NW,8.04,0,0
2010-01-10 4:00:00,62,-19,-14,1032,NW,9.83,0,0
2010-01-10 5:00:00,40,-18,-13,1032,NW,12.96,0,0
2010-01-10 6:00:00,23,-19,-13,1032,NW,16.09,0,0
2010-01-10 7:00:00,25,-19,-14,1033,NW,19.22,0,0
2010-01-10 8:00:00,27,-19,-14,1034,NW,22.35,0,0
2010-01-10 9:00:00,35,-17,-12,1033,NW,24.14,0,0
2010-01-10 10:00:00,50,-16,-7,1033,NE,4.02,0,0
2010-01-10 11:00:00,70,-15,-7,1033,NW,3.13,0,0
2010-01-10 12:00:00,75,-15,-7,1032,NW,6.26,0,0
2010-01-10 13:00:00,58,-14,-6,1031,NW,9.39,0,0
2010-01-10 14:00:00,70,-14,-6,1031,NW,12.52,0,0
2010-01-10 15:00:00,68,-13,-5,1030,NW,14.31,0,0
2010-01-10 16:00:00,71,-14,-5,1031,NW,16.1,0,0
2010-01-10 17:00:00,88,-14,-6,1031,NW,19.23,0,0
2010-01-10 18:00:00,84,-13,-7,1032,NW,23.25,0,0
2010-01-10 19:00:00,83,-15,-6,1032,NW,27.27,0,0
2010-01-10 20:00:00,66,-15,-6,1033,NW,30.4,0,0
2010-01-10 21:00:00,27,-15,-4,1034,NW,35.32,0,0
2010-01-10 22:00:00,24,-16,-4,1034,NW,44.26,0,0
2010-01-10 23:00:00,22,-17,-5,1035,NW,52.31,0,0
2010-01-11 0:00:00,23,-17,-6,1035,NW,60.36,0,0
2010-01-11 1:00:00,27,-17,-8,1035,cv,0.89,0,0
2010-01-11 2:00:00,23,-19,-11,1036,NW,4.02,0,0
2010-01-11 3:00:00,17,-20,-11,1036,NW,8.94,0,0
2010-01-11 4:00:00,17,-21,-11,1035,NE,4.02,0,0
2010-01-11 5:00:00,16,-22,-12,1035,NW,3.13,0,0
2010-01-11 6:00:00,16,-22,-12,1035,NE,4.92,0,0
2010-01-11 7:00:00,20,-22,-13,1036,NW,5.81,0,0
2010-01-11 8:00:00,20,-22,-9,1036,NW,13.86,0,0
2010-01-11 9:00:00,18,-22,-10,1036,NW,21.91,0,0
2010-01-11 10:00:00,25,-22,-9,1036,NW,29.06,0,0
2010-01-11 11:00:00,26,-21,-9,1036,NW,33.08,0,0
2010-01-11 12:00:00,27,-20,-6,1035,NW,42.02,0,0
2010-01-11 13:00:00,28,-19,-5,1034,NW,50.96,0,0
2010-01-11 14:00:00,15,-19,-5,1033,NW,59.01,0,0
2010-01-11 15:00:00,24,-20,-5,1033,NW,66.16,0,0
2010-01-11 16:00:00,13,-20,-5,1032,NW,71.97,0,0
2010-01-11 17:00:00,13,-20,-5,1033,NW,76.89,0,0
2010-01-11 18:00:00,13,-20,-7,1033,NW,81.81,0,0
2010-01-11 19:00:00,17,-22,-7,1033,NW,85.83,0,0
2010-01-11 20:00:00,20,-22,-8,1033,NW,89.85,0,0
2010-01-11 21:00:00,27,-23,-10,1033,NW,91.64,0,0
2010-01-11 22:00:00,20,-23,-13,1033,NW,93.43,0,0
2010-01-11 23:00:00,15,-22,-12,1032,cv,0.89,0,0
2010-01-12 0:00:00,21,-22,-15,1031,cv,1.78,0,0
2010-01-12 1:00:00,21,-22,-14,1031,NE,1.79,0,0
2010-01-12 2:00:00,37,-22,-14,1031,NW,0.89,0,0
2010-01-12 3:00:00,26,-24,-18,1030,NE,1.79,0,0
2010-01-12 4:00:00,15,-24,-13,1030,NE,3.58,0,0
2010-01-12 5:00:00,9,-25,-14,1030,NW,3.13,0,0
2010-01-12 6:00:00,11,-24,-14,1030,NW,7.15,0,0
2010-01-12 7:00:00,11,-25,-12,1030,NW,12.96,0,0
2010-01-12 8:00:00,16,-26,-14,1030,NW,16.98,0,0
2010-01-12 9:00:00,13,-25,-12,1031,NW,21,0,0
2010-01-12 10:00:00,15,-25,-11,1031,NW,26.81,0,0
2010-01-12 11:00:00,21,-24,-11,1030,NW,35.75,0,0
2010-01-12 12:00:00,24,-23,-11,1029,NW,47.82,0,0
2010-01-12 13:00:00,22,-22,-11,1029,NW,63.02,0,0
2010-01-12 14:00:00,22,-23,-11,1029,NW,75.98,0,0
2010-01-12 15:00:00,22,-22,-11,1029,NW,88.05,0,0
2010-01-12 16:00:00,19,-23,-11,1030,NW,101.01,0,0
2010-01-12 17:00:00,23,-24,-11,1030,NW,109.06,0,0
2010-01-12 18:00:00,25,-24,-11,1032,NW,118,0,0
2010-01-12 19:00:00,25,-23,-11,1032,NW,126.05,0,0
2010-01-12 20:00:00,31,-23,-12,1032,NW,134.1,0,0
2010-01-12 21:00:00,25,-24,-12,1033,NW,142.15,0,0
2010-01-12 22:00:00,22,-23,-12,1033,NW,150.2,0,0
2010-01-12 23:00:00,22,-23,-12,1034,NW,160.03,0,0
2010-01-13 0:00:00,15,-24,-12,1034,NW,169.86,0,0
2010-01-13 1:00:00,16,-24,-12,1033,NW,178.8,0,0
2010-01-13 2:00:00,11,-25,-12,1033,NW,189.98,0,0
2010-01-13 3:00:00,11,-24,-13,1033,NW,198.03,0,0
2010-01-13 4:00:00,12,-25,-12,1032,NW,205.18,0,0
2010-01-13 5:00:00,11,-25,-12,1033,NW,215.01,0,0
2010-01-13 6:00:00,12,-25,-12,1032,NW,226.19,0,0
2010-01-13 7:00:00,27,-25,-12,1032,NW,235.13,0,0
2010-01-13 8:00:00,28,-25,-12,1032,NW,243.18,0,0
2010-01-13 9:00:00,34,-23,-11,1033,NW,252.12,0,0
2010-01-13 10:00:00,33,-23,-10,1033,NW,257.93,0,0
2010-01-13 11:00:00,36,-22,-9,1033,NW,263.74,0,0
2010-01-13 12:00:00,26,-21,-8,1031,NW,270.89,0,0
2010-01-13 13:00:00,49,-21,-6,1030,NW,278.94,0,0
2010-01-13 14:00:00,52,-20,-5,1029,NW,286.99,0,0
2010-01-13 15:00:00,47,-22,-5,1028,NW,294.14,0,0
2010-01-13 16:00:00,47,-21,-5,1028,NW,299.06,0,0
2010-01-13 17:00:00,39,-19,-7,1028,SE,1.79,0,0
2010-01-13 18:00:00,59,-19,-8,1028,cv,0.45,0,0
2010-01-13 19:00:00,76,-20,-9,1028,cv,1.34,0,0
2010-01-13 20:00:00,96,-19,-10,1027,SE,1.79,0,0
2010-01-13 21:00:00,95,-19,-13,1027,cv,0.89,0,0
2010-01-13 22:00:00,68,-18,-12,1027,cv,1.78,0,0
2010-01-13 23:00:00,65,-18,-13,1027,NE,0.89,0,0
2010-01-14 0:00:00,75,-18,-14,1026,NE,1.78,0,0
2010-01-14 1:00:00,257,-20,-15,1025,NE,2.67,0,0
2010-01-14 2:00:00,174,-20,-15,1025,NW,0.89,0,0
2010-01-14 3:00:00,164,-20,-16,1025,NW,1.78,0,0
2010-01-14 4:00:00,161,-20,-16,1024,NW,3.57,0,0
2010-01-14 5:00:00,137,-21,-17,1024,NW,6.7,0,0
2010-01-14 6:00:00,92,-19,-14,1023,NW,10.72,0,0
2010-01-14 7:00:00,64,-21,-17,1023,NW,13.85,0,0
2010-01-14 8:00:00,87,-19,-15,1024,NW,15.64,0,0
2010-01-14 9:00:00,87,-19,-14,1024,NW,18.77,0,0
2010-01-14 10:00:00,84,-18,-10,1024,NW,22.79,0,0
2010-01-14 11:00:00,95,-17,-9,1023,NW,24.58,0,0
2010-01-14 12:00:00,79,-16,-6,1023,NW,26.37,0,0
2010-01-14 13:00:00,75,-17,-5,1022,NW,28.16,0,0
2010-01-14 14:00:00,79,-16,-5,1022,NW,29.95,0,0
2010-01-14 15:00:00,86,-15,-4,1022,NW,33.08,0,0
2010-01-14 16:00:00,72,-16,-4,1023,cv,0.89,0,0
2010-01-14 17:00:00,89,-15,-5,1025,SE,1.79,0,0
2010-01-14 18:00:00,94,-14,-3,1026,NW,5.81,0,0
2010-01-14 19:00:00,69,-16,-3,1027,NW,11.62,0,0
2010-01-14 20:00:00,49,-15,-4,1029,NW,20.56,0,0
2010-01-14 21:00:00,33,-16,-5,1031,NW,24.58,0,0
2010-01-14 22:00:00,27,-17,-6,1032,NE,3.13,0,0
2010-01-14 23:00:00,20,-18,-6,1033,NE,8.05,0,0
2010-01-15 0:00:00,36,-19,-7,1034,NE,13.86,0,0
2010-01-15 1:00:00,37,-17,-8,1035,NW,5.81,0,0
2010-01-15 2:00:00,30,-18,-10,1035,NW,11.62,0,0
2010-01-15 3:00:00,18,-19,-10,1036,NW,14.75,0,0
2010-01-15 4:00:00,21,-19,-9,1036,NW,19.67,0,0
2010-01-15 5:00:00,13,-19,-9,1036,NE,7.15,0,0
2010-01-15 6:00:00,23,-20,-9,1037,NE,12.96,0,0
2010-01-15 7:00:00,26,-19,-9,1037,NE,18.77,0,0
2010-01-15 8:00:00,27,-19,-8,1038,NE,22.79,0,0
2010-01-15 9:00:00,30,-19,-8,1039,NE,28.6,0,0
2010-01-15 10:00:00,28,-19,-7,1039,NE,35.75,0,0
2010-01-15 11:00:00,26,-18,-6,1039,NE,41.56,0,0
2010-01-15 12:00:00,26,-18,-5,1039,NE,45.58,0,0
2010-01-15 13:00:00,31,-17,-4,1038,NW,1.79,0,0
2010-01-15 14:00:00,35,-16,-3,1037,cv,0.89,0,0
2010-01-15 15:00:00,36,-17,-3,1037,cv,1.78,0,0
2010-01-15 16:00:00,37,-17,-2,1037,cv,2.23,0,0
2010-01-15 17:00:00,64,-15,-5,1036,SE,0.89,0,0
2010-01-15 18:00:00,83,-15,-6,1036,cv,0.89,0,0
2010-01-15 19:00:00,91,-15,-6,1037,cv,1.78,0,0
2010-01-15 20:00:00,90,-14,-6,1037,SE,1.79,0,0
2010-01-15 21:00:00,102,-14,-8,1036,SE,3.58,0,0
2010-01-15 22:00:00,94,-14,-10,1037,cv,0.89,0,0
2010-01-15 23:00:00,87,-15,-11,1036,cv,1.78,0,0
2010-01-16 0:00:00,141,-15,-11,1036,cv,2.67,0,0
2010-01-16 1:00:00,211,-16,-13,1036,NE,0.89,0,0
2010-01-16 2:00:00,242,-16,-12,1036,cv,0.89,0,0
2010-01-16 3:00:00,271,-16,-13,1035,NE,0.89,0,0
2010-01-16 4:00:00,249,-15,-12,1035,NE,1.78,0,0
2010-01-16 5:00:00,200,-14,-10,1034,NW,1.79,0,0
2010-01-16 6:00:00,147,-15,-10,1034,NW,2.68,0,0
2010-01-16 7:00:00,114,-15,-11,1034,NW,4.47,0,0
2010-01-16 8:00:00,102,-15,-11,1034,NW,6.26,0,0
2010-01-16 9:00:00,108,-14,-9,1034,NW,8.05,0,0
2010-01-16 10:00:00,135,-14,-9,1034,NW,9.84,0,0
2010-01-16 11:00:00,120,-13,-6,1034,cv,0.89,0,0
2010-01-16 12:00:00,148,-13,-5,1033,NW,1.79,0,0
2010-01-16 13:00:00,127,-12,-4,1031,cv,0.89,0,0
2010-01-16 14:00:00,128,-12,-3,1031,cv,1.78,0,0
2010-01-16 15:00:00,140,-12,-3,1030,cv,2.67,0,0
2010-01-16 16:00:00,148,-11,-3,1030,cv,3.56,0,0
2010-01-16 17:00:00,150,-11,-4,1031,NE,0.89,0,0
2010-01-16 18:00:00,154,-12,-7,1031,cv,0.89,0,0
2010-01-16 19:00:00,197,-12,-7,1032,cv,1.78,0,0
2010-01-16 20:00:00,235,-12,-8,1032,cv,2.23,0,0
2010-01-16 21:00:00,261,-12,-9,1032,cv,3.12,0,0
2010-01-16 22:00:00,269,-13,-11,1032,NW,0.89,0,0
2010-01-16 23:00:00,266,-14,-11,1032,NW,2.68,0,0
2010-01-17 0:00:00,263,-15,-12,1032,NW,5.81,0,0
2010-01-17 1:00:00,241,-14,-11,1032,cv,0.45,0,0
2010-01-17 2:00:00,205,-14,-11,1031,cv,1.34,0,0
2010-01-17 3:00:00,160,-14,-12,1031,NW,1.79,0,0
2010-01-17 4:00:00,150,-14,-12,1031,NW,3.58,0,0
2010-01-17 5:00:00,148,-14,-10,1030,NW,6.71,0,0
2010-01-17 6:00:00,208,-14,-11,1030,NW,9.84,0,0
2010-01-17 7:00:00,209,-15,-10,1030,NW,11.63,0,0
2010-01-17 8:00:00,183,-13,-10,1030,NW,14.76,0,0
2010-01-17 9:00:00,161,-13,-8,1030,NW,17.89,0,0
2010-01-17 10:00:00,182,-12,-6,1030,cv,0.45,0,0
2010-01-17 11:00:00,230,-11,-5,1030,cv,1.34,0,0
2010-01-17 12:00:00,170,-11,-4,1029,cv,2.23,0,0
2010-01-17 13:00:00,172,-11,-3,1028,cv,3.12,0,0
2010-01-17 14:00:00,154,-10,-1,1027,cv,4.01,0,0
2010-01-17 15:00:00,166,-11,-1,1027,cv,4.46,0,0
2010-01-17 16:00:00,177,-10,-1,1026,SE,0.89,0,0
2010-01-17 17:00:00,191,-10,-3,1026,SE,1.78,0,0
2010-01-17 18:00:00,212,-10,-5,1027,SE,2.67,0,0
2010-01-17 19:00:00,250,-10,-6,1027,NE,0.89,0,0
2010-01-17 20:00:00,268,-11,-7,1027,cv,0.45,0,0
2010-01-17 21:00:00,317,-10,-7,1027,cv,0.9,0,0
2010-01-17 22:00:00,291,-11,-9,1027,cv,1.35,0,0
2010-01-17 23:00:00,313,-12,-9,1027,NE,0.89,0,0
2010-01-18 0:00:00,282,-12,-10,1028,cv,0.89,0,0
2010-01-18 1:00:00,282,-13,-11,1028,NW,3.13,0,0
2010-01-18 2:00:00,303,-11,-9,1028,NW,4.92,0,0
2010-01-18 3:00:00,349,-13,-10,1028,NW,6.71,0,0
2010-01-18 4:00:00,407,-13,-11,1028,NW,7.6,0,0
2010-01-18 5:00:00,361,-13,-11,1027,NE,1.79,0,0
2010-01-18 6:00:00,234,-14,-11,1028,NW,0.89,0,0
2010-01-18 7:00:00,149,-14,-11,1028,NW,4.02,0,0
2010-01-18 8:00:00,147,-14,-11,1028,NW,5.81,0,0
2010-01-18 9:00:00,184,-11,-6,1028,NW,9.83,0,0
2010-01-18 10:00:00,161,-10,-5,1028,NW,11.62,0,0
2010-01-18 11:00:00,137,-9,-3,1028,NW,13.41,0,0
2010-01-18 12:00:00,146,-8,-1,1027,NW,15.2,0,0
2010-01-18 13:00:00,144,-9,0,1026,NW,16.99,0,0
2010-01-18 14:00:00,154,-9,1,1025,NE,1.79,0,0
2010-01-18 15:00:00,173,-9,1,1025,cv,0.89,0,0
2010-01-18 16:00:00,188,-8,1,1025,SE,0.89,0,0
2010-01-18 17:00:00,203,-7,-1,1025,SE,2.68,0,0
2010-01-18 18:00:00,233,-7,-2,1025,cv,0.89,0,0
2010-01-18 19:00:00,408,-7,-3,1025,SE,0.89,0,0
2010-01-18 20:00:00,435,-5,-2,1026,cv,0.89,0,0
2010-01-18 21:00:00,403,-5,-1,1026,NW,1.79,0,0
2010-01-18 22:00:00,360,-5,-1,1026,NW,3.58,0,0
2010-01-18 23:00:00,402,-6,-1,1026,cv,0.89,0,0
2010-01-19 0:00:00,358,-4,-1,1025,NW,1.79,0,0
2010-01-19 1:00:00,383,-5,-1,1024,NW,4.92,0,0
2010-01-19 2:00:00,332,-5,-1,1024,NW,6.71,0,0
2010-01-19 3:00:00,274,-5,-1,1023,NW,8.5,0,0
2010-01-19 4:00:00,256,-4,-1,1022,NW,10.29,0,0
2010-01-19 5:00:00,302,-4,-1,1021,NW,11.18,0,0
2010-01-19 6:00:00,330,-4,-1,1021,NW,12.07,0,0
2010-01-19 7:00:00,367,-4,-1,1021,NW,13.86,0,0
2010-01-19 8:00:00,297,-4,0,1021,cv,0.89,0,0
2010-01-19 9:00:00,331,-4,0,1021,NW,1.79,0,0
2010-01-19 10:00:00,323,-4,0,1021,cv,0.89,0,0
2010-01-19 11:00:00,339,-5,1,1021,NW,1.79,0,0
2010-01-19 12:00:00,301,-5,1,1020,cv,0.89,0,0
2010-01-19 13:00:00,310,-4,1,1019,cv,1.34,0,0
2010-01-19 14:00:00,305,-4,1,1018,NE,0.89,0,0
2010-01-19 15:00:00,313,-3,2,1018,cv,0.45,0,0
2010-01-19 16:00:00,336,-3,2,1018,cv,1.34,0,0
2010-01-19 17:00:00,357,-2,2,1018,NE,0.89,0,0
2010-01-19 18:00:00,485,-3,1,1018,cv,0.89,0,0
2010-01-19 19:00:00,426,-3,2,1020,NW,1.79,0,0
2010-01-19 20:00:00,403,-3,1,1020,NW,4.92,0,0
2010-01-19 21:00:00,374,-3,0,1021,NW,6.71,0,0
2010-01-19 22:00:00,333,-3,0,1021,NW,8.5,0,0
2010-01-19 23:00:00,343,-3,1,1020,NW,11.63,0,0
2010-01-20 0:00:00,364,-2,0,1021,NW,14.76,0,0
2010-01-20 1:00:00,389,-2,-1,1022,NW,16.55,0,0
2010-01-20 2:00:00,368,-4,-2,1022,NW,19.68,0,0
2010-01-20 3:00:00,267,-2,-1,1023,NW,25.49,0,0
2010-01-20 4:00:00,71,-3,1,1023,NW,28.62,0,0
2010-01-20 5:00:00,81,-3,0,1024,NW,31.75,0,0
2010-01-20 6:00:00,51,-5,2,1026,NW,36.67,0,0
2010-01-20 7:00:00,49,-9,1,1027,NW,41.59,0,0
2010-01-20 8:00:00,44,-10,0,1028,NW,48.74,0,0
2010-01-20 9:00:00,45,-10,0,1030,NW,55.89,0,0
2010-01-20 10:00:00,35,-11,1,1032,NW,63.04,0,0
2010-01-20 11:00:00,29,-13,0,1033,NW,71.09,0,0
2010-01-20 12:00:00,27,-13,0,1033,NW,78.24,0,0
2010-01-20 13:00:00,29,-13,-1,1033,NE,8.05,0,0
2010-01-20 14:00:00,16,-13,-1,1032,NW,7.15,0,0
2010-01-20 15:00:00,23,-15,-1,1032,NE,5.81,0,0
2010-01-20 16:00:00,28,-14,-1,1033,NW,5.81,0,0
2010-01-20 17:00:00,22,-15,-2,1033,NW,12.96,0,0
2010-01-20 18:00:00,11,-16,-3,1034,NW,21.01,0,0
2010-01-20 19:00:00,25,-17,-4,1035,NW,28.16,0,0
2010-01-20 20:00:00,16,-19,-3,1036,NW,37.99,0,0
2010-01-20 21:00:00,20,-18,-4,1037,NW,46.93,0,0
2010-01-20 22:00:00,20,-19,-4,1038,NW,55.87,0,0
2010-01-20 23:00:00,18,-19,-5,1038,NW,65.7,0,0
2010-01-21 0:00:00,18,-20,-6,1038,NW,75.53,0,0
2010-01-21 1:00:00,17,-20,-6,1038,NW,85.36,0,0
2010-01-21 2:00:00,17,-20,-7,1038,NW,95.19,0,0
2010-01-21 3:00:00,17,-22,-8,1038,NW,103.24,0,0
2010-01-21 4:00:00,15,-23,-8,1038,NW,111.29,0,0
2010-01-21 5:00:00,19,-24,-9,1038,NW,118.44,0,0
2010-01-21 6:00:00,16,-24,-9,1038,NW,128.27,0,0
2010-01-21 7:00:00,18,-25,-9,1038,NW,138.1,0,0
2010-01-21 8:00:00,18,-25,-8,1039,NW,147.04,0,0
2010-01-21 9:00:00,18,-25,-8,1039,NW,155.98,0,0
2010-01-21 10:00:00,26,-22,-7,1039,NW,160.9,0,0
2010-01-21 11:00:00,26,-22,-7,1038,NE,3.13,0,0
2010-01-21 12:00:00,25,-22,-5,1037,NW,4.02,0,0
2010-01-21 13:00:00,24,-21,-5,1035,NE,3.13,0,0
2010-01-21 14:00:00,15,-21,-4,1034,SE,1.79,0,0
2010-01-21 15:00:00,17,-20,-3,1034,NE,1.79,0,0
2010-01-21 16:00:00,15,-21,-2,1033,NW,4.92,0,0
2010-01-21 17:00:00,21,-20,-2,1033,NW,10.73,0,0
2010-01-21 18:00:00,40,-20,-2,1034,NW,15.65,0,0
2010-01-21 19:00:00,51,-19,-3,1034,NW,21.46,0,0
2010-01-21 20:00:00,45,-19,-3,1035,NW,25.48,0,0
2010-01-21 21:00:00,61,-17,-8,1035,NE,0.89,0,0
2010-01-21 22:00:00,72,-18,-9,1035,NW,1.79,0,0
2010-01-21 23:00:00,38,-18,-9,1035,NW,3.58,0,0
2010-01-22 0:00:00,35,-18,-6,1036,NW,7.6,0,0
2010-01-22 1:00:00,29,-20,-4,1037,NW,17.43,0,0
2010-01-22 2:00:00,26,-21,-5,1037,NW,27.26,0,0
2010-01-22 3:00:00,18,-21,-6,1037,NW,35.31,0,0
2010-01-22 4:00:00,15,-20,-7,1036,NW,42.46,0,0
2010-01-22 5:00:00,15,-20,-7,1035,NW,48.27,0,0
2010-01-22 6:00:00,22,-20,-7,1035,NW,54.08,0,0
2010-01-22 7:00:00,21,-20,-7,1036,NW,59,0,0
2010-01-22 8:00:00,19,-19,-7,1036,NW,63.92,0,0
2010-01-22 9:00:00,22,-20,-5,1036,NW,67.94,0,0
2010-01-22 10:00:00,25,-19,-4,1036,NW,75.09,0,0
2010-01-22 11:00:00,22,-19,-4,1036,NW,84.03,0,0
2010-01-22 12:00:00,26,-19,-3,1035,NW,95.21,0,0
2010-01-22 13:00:00,32,-18,-3,1034,NW,105.04,0,0
2010-01-22 14:00:00,30,-19,-2,1033,NW,114.87,0,0
2010-01-22 15:00:00,32,-18,-2,1032,NW,124.7,0,0
2010-01-22 16:00:00,30,-18,-2,1032,NW,133.64,0,0
2010-01-22 17:00:00,32,-18,-2,1032,NW,139.45,0,0
2010-01-22 18:00:00,37,-18,-3,1032,NW,144.37,0,0
2010-01-22 19:00:00,49,-17,-5,1033,NW,149.29,0,0
2010-01-22 20:00:00,47,-18,-4,1033,NW,153.31,0,0
2010-01-22 21:00:00,39,-17,-4,1032,NW,159.12,0,0
2010-01-22 22:00:00,35,-17,-4,1032,NW,164.04,0,0
2010-01-22 23:00:00,48,-17,-7,1032,NW,168.06,0,0
2010-01-23 0:00:00,49,-17,-4,1033,NW,172.08,0,0
2010-01-23 1:00:00,24,-17,-8,1033,cv,0.89,0,0
2010-01-23 2:00:00,23,-17,-5,1032,NW,4.92,0,0
2010-01-23 3:00:00,20,-18,-6,1032,NW,8.05,0,0
2010-01-23 4:00:00,19,-18,-5,1031,NW,12.97,0,0
2010-01-23 5:00:00,16,-18,-6,1031,NW,16.1,0,0
2010-01-23 6:00:00,22,-18,-7,1031,NW,20.12,0,0
2010-01-23 7:00:00,24,-18,-7,1031,NW,24.14,0,0
2010-01-23 8:00:00,24,-18,-6,1031,NW,25.93,0,0
2010-01-23 9:00:00,41,-18,-2,1031,NW,30.85,0,0
2010-01-23 10:00:00,23,-17,-1,1031,NW,38.9,0,0
2010-01-23 11:00:00,19,-17,0,1030,NW,46.95,0,0
2010-01-23 12:00:00,15,-19,1,1029,NW,55,0,0
2010-01-23 13:00:00,19,-20,2,1027,NW,63.05,0,0
2010-01-23 14:00:00,17,-19,2,1025,NW,71.1,0,0
2010-01-23 15:00:00,17,-19,3,1024,NW,79.15,0,0
2010-01-23 16:00:00,22,-19,3,1024,NW,86.3,0,0
2010-01-23 17:00:00,0,-18,2,1024,NW,91.22,0,0
2010-01-23 18:00:00,0,-18,1,1024,NW,96.14,0,0
2010-01-23 19:00:00,0,-17,0,1024,NW,100.16,0,0
2010-01-23 20:00:00,0,-18,0,1024,SE,1.79,0,0
2010-01-23 21:00:00,0,-15,-3,1024,cv,0.89,0,0
2010-01-23 22:00:00,0,-16,0,1023,NW,1.79,0,0
2010-01-23 23:00:00,0,-16,0,1023,NW,4.92,0,0
2010-01-24 0:00:00,0,-15,-2,1022,NW,6.71,0,0
2010-01-24 1:00:00,0,-14,-7,1022,cv,0.45,0,0
2010-01-24 2:00:00,0,-14,-8,1021,NW,1.79,0,0
2010-01-24 3:00:00,0,-16,-11,1021,NW,3.58,0,0
2010-01-24 4:00:00,0,-14,-9,1019,NW,4.47,0,0
2010-01-24 5:00:00,0,-15,-10,1019,cv,0.89,0,0
2010-01-24 6:00:00,0,-16,-12,1019,SE,0.89,0,0
2010-01-24 7:00:00,0,-15,-12,1019,cv,0.89,0,0
2010-01-24 8:00:00,0,-16,-13,1019,NE,1.79,0,0
2010-01-24 9:00:00,0,-13,-7,1020,cv,0.89,0,0
2010-01-24 10:00:00,0,-12,-4,1019,cv,1.78,0,0
2010-01-24 11:00:00,0,-13,0,1019,cv,2.67,0,0
2010-01-24 12:00:00,0,-16,4,1018,NW,4.02,0,0
2010-01-24 13:00:00,0,-19,5,1017,NW,13.85,0,0
2010-01-24 14:00:00,0,-18,5,1017,NW,22.79,0,0
2010-01-24 15:00:00,0,-19,5,1017,NW,32.62,0,0
2010-01-24 16:00:00,0,-20,5,1018,NW,40.67,0,0
2010-01-24 17:00:00,0,-19,3,1020,NW,49.61,0,0
2010-01-24 18:00:00,0,-18,1,1023,NW,61.68,0,0
2010-01-24 19:00:00,0,-20,-1,1027,NW,76.88,0,0
2010-01-24 20:00:00,0,-20,-2,1028,NW,89.84,0,0
2010-01-24 21:00:00,0,-21,-3,1029,NW,98.78,0,0
2010-01-24 22:00:00,0,-25,-4,1030,NW,113.98,0,0
2010-01-24 23:00:00,0,-26,-5,1031,NW,129.18,0,0
2010-01-25 0:00:00,0,-25,-5,1031,NW,141.25,0,0
2010-01-25 1:00:00,0,-25,-6,1031,NW,150.19,0,0
2010-01-25 2:00:00,0,-24,-6,1032,NW,162.26,0,0
2010-01-25 3:00:00,0,-24,-6,1033,NW,172.09,0,0
2010-01-25 4:00:00,0,-23,-6,1033,NW,181.92,0,0
2010-01-25 5:00:00,0,-22,-7,1033,NW,187.73,0,0
2010-01-25 6:00:00,0,-21,-7,1033,NW,192.65,0,0
2010-01-25 7:00:00,0,-21,-7,1034,NW,196.67,0,0
2010-01-25 8:00:00,0,-21,-6,1035,NW,201.59,0,0
2010-01-25 9:00:00,0,-21,-4,1036,NW,207.4,0,0
2010-01-25 10:00:00,0,-22,-3,1036,NW,216.34,0,0
2010-01-25 11:00:00,0,-22,-2,1036,NW,222.15,0,0
2010-01-25 12:00:00,0,-23,-1,1035,NW,230.2,0,0
2010-01-25 13:00:00,0,-26,1,1033,NW,238.25,0,0
2010-01-25 14:00:00,0,-25,2,1032,NW,245.4,0,0
2010-01-25 15:00:00,0,-25,2,1031,NW,252.55,0,0
2010-01-25 16:00:00,0,-24,2,1031,NW,257.47,0,0
2010-01-25 17:00:00,0,-22,1,1031,SE,4.02,0,0
2010-01-25 18:00:00,0,-19,-1,1031,SE,7.15,0,0
2010-01-25 19:00:00,0,-19,-1,1031,SE,10.28,0,0
2010-01-25 20:00:00,0,-17,-4,1031,SE,12.07,0,0
2010-01-25 21:00:00,0,-18,-1,1031,SE,15.2,0,0
2010-01-25 22:00:00,0,-18,-5,1030,cv,0.89,0,0
2010-01-25 23:00:00,0,-18,-3,1030,SE,3.13,0,0
2010-01-26 0:00:00,0,-16,-9,1030,cv,0.89,0,0
2010-01-26 1:00:00,0,-16,-8,1029,cv,1.78,0,0
2010-01-26 2:00:00,0,-16,-11,1029,cv,2.23,0,0
2010-01-26 3:00:00,0,-16,-12,1029,cv,3.12,0,0
2010-01-26 4:00:00,0,-16,-10,1028,NW,3.13,0,0
2010-01-26 5:00:00,0,-17,-10,1028,NW,4.92,0,0
2010-01-26 6:00:00,0,-17,-12,1027,NW,6.71,0,0
2010-01-26 7:00:00,0,-17,-10,1027,NW,8.5,0,0
2010-01-26 8:00:00,0,-18,-13,1028,NE,1.79,0,0
2010-01-26 9:00:00,0,-16,-8,1028,NW,4.02,0,0
2010-01-26 10:00:00,0,-16,-6,1027,NW,5.81,0,0
2010-01-26 11:00:00,0,-15,-3,1027,cv,0.89,0,0
2010-01-26 12:00:00,88,-15,-1,1025,SE,1.79,0,0
2010-01-26 13:00:00,85,-18,0,1024,SE,3.58,0,0
2010-01-26 14:00:00,90,-19,1,1023,cv,0.89,0,0
2010-01-26 15:00:00,127,-18,2,1021,SE,1.79,0,0
2010-01-26 16:00:00,144,-17,1,1021,SE,4.92,0,0
2010-01-26 17:00:00,203,-14,-1,1021,SE,5.81,0,0
2010-01-26 18:00:00,199,-13,-3,1021,SE,6.7,0,0
2010-01-26 19:00:00,231,-13,-3,1021,cv,0.89,0,0
2010-01-26 20:00:00,274,-11,-5,1020,NE,0.89,0,0
2010-01-26 21:00:00,340,-13,-6,1020,NW,1.79,0,0
2010-01-26 22:00:00,298,-11,-5,1020,cv,0.89,0,0
2010-01-26 23:00:00,268,-11,-4,1019,NW,1.79,0,0
2010-01-27 0:00:00,299,-11,-4,1019,NW,3.58,0,0
2010-01-27 1:00:00,300,-12,-3,1018,NW,5.37,0,0
2010-01-27 2:00:00,240,-11,-4,1017,NW,7.16,0,0
2010-01-27 3:00:00,213,-11,-4,1016,NW,10.29,0,0
2010-01-27 4:00:00,171,-12,-3,1016,NW,12.08,0,0
2010-01-27 5:00:00,153,-11,-4,1016,NW,15.21,0,0
2010-01-27 6:00:00,153,-11,-5,1015,NW,17,0,0
2010-01-27 7:00:00,140,-11,-4,1015,NW,18.79,0,0
2010-01-27 8:00:00,147,-11,-3,1015,NE,3.13,0,0
2010-01-27 9:00:00,158,-10,-1,1015,NE,6.26,0,0
2010-01-27 10:00:00,153,-9,1,1015,NE,9.39,0,0
2010-01-27 11:00:00,154,-9,3,1015,NW,1.79,0,0
2010-01-27 12:00:00,143,-9,4,1014,NW,4.92,0,0
2010-01-27 13:00:00,90,-9,6,1013,NW,8.05,0,0
2010-01-27 14:00:00,55,-13,8,1012,NW,16.1,0,0
2010-01-27 15:00:00,52,-14,8,1013,NW,24.15,0,0
2010-01-27 16:00:00,41,-14,7,1014,NW,32.2,0,0
2010-01-27 17:00:00,29,-13,7,1015,NW,39.35,0,0
2010-01-27 18:00:00,37,-13,5,1016,NW,47.4,0,0
2010-01-27 19:00:00,49,-12,4,1018,NW,52.32,0,0
2010-01-27 20:00:00,56,-13,3,1019,NW,56.34,0,0
2010-01-27 21:00:00,38,-14,3,1020,NW,62.15,0,0
2010-01-27 22:00:00,37,-14,3,1021,NW,67.96,0,0
2010-01-27 23:00:00,28,-14,0,1022,NW,71.98,0,0
2010-01-28 0:00:00,20,-13,-1,1023,NW,76.9,0,0
2010-01-28 1:00:00,22,-15,-1,1023,NE,7.15,0,0
2010-01-28 2:00:00,27,-15,-1,1024,NE,12.07,0,0
2010-01-28 3:00:00,34,-15,-2,1025,NE,16.09,0,0
2010-01-28 4:00:00,27,-15,-2,1025,NE,21.01,0,0
2010-01-28 5:00:00,32,-15,-3,1025,NE,25.03,0,0
2010-01-28 6:00:00,28,-15,-3,1025,NW,3.13,0,0
2010-01-28 7:00:00,28,-15,-3,1026,NW,8.05,0,0
2010-01-28 8:00:00,18,-16,-3,1027,NW,12.97,0,0
2010-01-28 9:00:00,17,-17,-2,1028,NW,20.12,0,0
2010-01-28 10:00:00,16,-18,-2,1029,NW,25.93,0,0
2010-01-28 11:00:00,18,-19,-1,1028,NW,35.76,0,0
2010-01-28 12:00:00,16,-21,1,1027,NW,44.7,0,0
2010-01-28 13:00:00,12,-24,1,1026,NW,53.64,0,0
2010-01-28 14:00:00,13,-25,1,1026,NW,62.58,0,0
2010-01-28 15:00:00,23,-25,1,1026,NW,72.41,0,0
2010-01-28 16:00:00,21,-24,1,1026,NW,82.24,0,0
2010-01-28 17:00:00,13,-25,0,1026,NW,91.18,0,0
2010-01-28 18:00:00,14,-22,0,1027,NW,99.23,0,0
2010-01-28 19:00:00,23,-20,-1,1027,NW,103.25,0,0
2010-01-28 20:00:00,16,-21,-1,1027,NW,105.04,0,0
2010-01-28 21:00:00,25,-21,-4,1028,NE,0.89,0,0
2010-01-28 22:00:00,20,-21,-2,1027,NW,4.02,0,0
2010-01-28 23:00:00,25,-22,-2,1027,NW,7.15,0,0
2010-01-29 0:00:00,19,-22,-1,1027,NW,12.07,0,0
2010-01-29 1:00:00,24,-21,-4,1027,NW,15.2,0,0
2010-01-29 2:00:00,25,-21,-4,1026,cv,0.89,0,0
2010-01-29 3:00:00,20,-19,-8,1026,NE,1.79,0,0
2010-01-29 4:00:00,24,-20,-7,1025,cv,0.89,0,0
2010-01-29 5:00:00,17,-20,-8,1024,NW,1.79,0,0
2010-01-29 6:00:00,10,-18,-10,1024,cv,0.89,0,0
2010-01-29 7:00:00,11,-21,-2,1024,NW,4.02,0,0
2010-01-29 8:00:00,16,-21,-1,1025,NW,9.83,0,0
2010-01-29 9:00:00,20,-24,1,1025,NW,17.88,0,0
2010-01-29 10:00:00,13,-25,2,1025,NW,26.82,0,0
2010-01-29 11:00:00,12,-24,3,1024,NW,33.97,0,0
2010-01-29 12:00:00,12,-25,4,1023,NW,42.02,0,0
2010-01-29 13:00:00,12,-24,5,1022,NW,50.07,0,0
2010-01-29 14:00:00,12,-25,6,1020,NW,57.22,0,0
2010-01-29 15:00:00,31,-25,6,1020,NW,65.27,0,0
2010-01-29 16:00:00,36,-23,6,1020,NW,72.42,0,0
2010-01-29 17:00:00,42,-22,5,1020,NW,78.23,0,0
2010-01-29 18:00:00,52,-21,5,1020,NW,84.04,0,0
2010-01-29 19:00:00,26,-20,5,1020,NW,89.85,0,0
2010-01-29 20:00:00,24,-20,3,1020,NW,93.87,0,0
2010-01-29 21:00:00,25,-20,3,1020,NW,97.89,0,0
2010-01-29 22:00:00,43,-19,3,1021,NW,101.02,0,0
2010-01-29 23:00:00,47,-19,3,1020,NW,105.94,0,0
2010-01-30 0:00:00,61,-18,0,1020,NW,109.96,0,0
2010-01-30 1:00:00,66,-18,0,1020,NW,114.88,0,0
2010-01-30 2:00:00,65,-15,-1,1020,cv,1.79,0,0
2010-01-30 3:00:00,70,-15,-2,1020,NW,0.89,0,0
2010-01-30 4:00:00,36,-16,-1,1020,NW,4.02,0,0
2010-01-30 5:00:00,37,-16,-4,1019,NW,8.94,0,0
2010-01-30 6:00:00,22,-15,-5,1020,cv,0.89,0,0
2010-01-30 7:00:00,24,-16,-5,1020,NW,3.13,0,0
2010-01-30 8:00:00,29,-15,-6,1021,cv,0.89,0,0
2010-01-30 9:00:00,35,-15,0,1021,NW,4.02,0,0
2010-01-30 10:00:00,35,-18,3,1021,NW,8.04,0,0
2010-01-30 11:00:00,33,-21,5,1020,NW,12.96,0,0
2010-01-30 12:00:00,32,-22,6,1020,NW,18.77,0,0
2010-01-30 13:00:00,25,-22,7,1019,NW,25.92,0,0
2010-01-30 14:00:00,16,-22,7,1018,NW,35.75,0,0
2010-01-30 15:00:00,26,-23,7,1018,NW,45.58,0,0
2010-01-30 16:00:00,32,-23,7,1017,NW,52.73,0,0
2010-01-30 17:00:00,36,-22,6,1018,NW,58.54,0,0
2010-01-30 18:00:00,37,-21,5,1018,NW,64.35,0,0
2010-01-30 19:00:00,45,-21,5,1019,NW,70.16,0,0
2010-01-30 20:00:00,71,-19,4,1019,NW,74.18,0,0
2010-01-30 21:00:00,67,-19,5,1020,NW,78.2,0,0
2010-01-30 22:00:00,69,-19,2,1020,NW,81.33,0,0
2010-01-30 23:00:00,94,-18,2,1021,NW,84.46,0,0
2010-01-31 0:00:00,85,-18,1,1021,NW,87.59,0,0
2010-01-31 1:00:00,35,-18,1,1021,NW,90.72,0,0
2010-01-31 2:00:00,26,-16,-3,1022,NW,93.85,0,0
2010-01-31 3:00:00,24,-15,-2,1022,NW,95.64,0,0
2010-01-31 4:00:00,20,-15,0,1022,NW,99.66,0,0
2010-01-31 5:00:00,16,-17,1,1023,NW,105.47,0,0
2010-01-31 6:00:00,18,-15,0,1023,NW,109.49,0,0
2010-01-31 7:00:00,19,-18,0,1025,NW,113.51,0,0
2010-01-31 8:00:00,22,-17,0,1025,NW,116.64,0,0
2010-01-31 9:00:00,17,-17,2,1026,NW,120.66,0,0
2010-01-31 10:00:00,18,-19,3,1026,NW,129.6,0,0
2010-01-31 11:00:00,11,-19,4,1026,NW,138.54,0,0
2010-01-31 12:00:00,11,-20,5,1025,NW,145.69,0,0
2010-01-31 13:00:00,16,-17,5,1024,NE,4.02,0,0
2010-01-31 14:00:00,18,-18,6,1024,NE,7.15,0,0
2010-01-31 15:00:00,17,-18,6,1024,cv,0.89,0,0
2010-01-31 16:00:00,19,-18,5,1024,SE,1.79,0,0
2010-01-31 17:00:00,26,-17,4,1024,SE,3.58,0,0
2010-01-31 18:00:00,24,-17,1,1024,NE,1.79,0,0
2010-01-31 19:00:00,54,-15,-1,1025,NE,2.68,0,0
2010-01-31 20:00:00,71,-13,-1,1025,cv,0.89,0,0
2010-01-31 21:00:00,129,-8,-1,1026,SE,5.81,0,0
2010-01-31 22:00:00,145,-7,-2,1027,SE,10.73,0,0
2010-01-31 23:00:00,101,-7,-2,1027,SE,13.86,0,0
2010-02-01 0:00:00,65,-8,-3,1027,SE,15.65,0,0
2010-02-01 1:00:00,70,-9,-4,1027,NE,0.89,0,0
2010-02-01 2:00:00,67,-9,-4,1027,NE,1.78,0,0
2010-02-01 3:00:00,76,-9,-4,1027,cv,0.89,0,0
2010-02-01 4:00:00,76,-9,-4,1026,SE,0.89,0,0
2010-02-01 5:00:00,68,-9,-5,1027,cv,0.89,0,0
2010-02-01 6:00:00,73,-10,-4,1027,SE,0.89,0,0
2010-02-01 7:00:00,73,-10,-4,1027,cv,0.89,0,0
2010-02-01 8:00:00,64,-10,-6,1028,NE,0.89,0,0
2010-02-01 9:00:00,53,-9,-3,1028,SE,1.79,0,0
2010-02-01 10:00:00,72,-9,-2,1028,cv,0.89,0,0
2010-02-01 11:00:00,78,-9,-1,1028,SE,1.79,0,0
2010-02-01 12:00:00,72,-10,0,1027,SE,6.71,0,0
2010-02-01 13:00:00,56,-12,0,1026,SE,10.73,0,0
2010-02-01 14:00:00,54,-14,1,1026,SE,14.75,0,0
2010-02-01 15:00:00,40,-14,0,1025,SE,16.54,0,0
2010-02-01 16:00:00,49,-12,0,1026,SE,19.67,0,0
2010-02-01 17:00:00,63,-10,-1,1025,SE,21.46,0,0
2010-02-01 18:00:00,66,-9,-2,1026,SE,23.25,0,0
2010-02-01 19:00:00,64,-10,-2,1026,SE,26.38,0,0
2010-02-01 20:00:00,63,-10,-4,1027,SE,30.4,0,0
2010-02-01 21:00:00,65,-10,-5,1027,SE,34.42,0,0
2010-02-01 22:00:00,64,-10,-5,1027,SE,39.34,0,0
2010-02-01 23:00:00,64,-11,-7,1027,SE,41.13,0,0
2010-02-02 0:00:00,62,-10,-7,1028,SE,42.92,0,0
2010-02-02 1:00:00,56,-11,-8,1028,cv,0.89,0,0
2010-02-02 2:00:00,87,-11,-9,1028,cv,1.34,0,0
2010-02-02 3:00:00,72,-11,-10,1028,NE,1.79,0,0
2010-02-02 4:00:00,104,-12,-10,1028,cv,0.89,0,0
2010-02-02 5:00:00,97,-13,-11,1028,NE,0.89,0,0
2010-02-02 6:00:00,96,-11,-9,1028,cv,0.89,0,0
2010-02-02 7:00:00,86,-11,-8,1028,SE,0.89,0,0
2010-02-02 8:00:00,85,-10,-7,1029,NW,1.79,0,0
2010-02-02 9:00:00,92,-14,-6,1029,NE,4.92,0,0
2010-02-02 10:00:00,55,-18,-5,1029,NE,10.73,0,0
2010-02-02 11:00:00,36,-20,-3,1029,NE,14.75,0,0
2010-02-02 12:00:00,27,-20,-2,1028,NE,16.54,0,0
2010-02-02 13:00:00,25,-20,-1,1028,NE,18.33,0,0
2010-02-02 14:00:00,28,-20,0,1027,cv,1.79,0,0
2010-02-02 15:00:00,32,-22,0,1027,cv,2.68,0,0
2010-02-02 16:00:00,35,-22,1,1027,cv,3.57,0,0
2010-02-02 17:00:00,43,-19,-2,1027,NE,1.79,0,0
2010-02-02 18:00:00,70,-20,-4,1028,NW,3.13,0,0
2010-02-02 19:00:00,83,-21,-3,1029,NW,4.02,0,0
2010-02-02 20:00:00,66,-19,-6,1029,cv,0.89,0,0
2010-02-02 21:00:00,70,-16,-7,1029,NE,0.89,0,0
2010-02-02 22:00:00,80,-21,-5,1030,NW,1.79,0,0
2010-02-02 23:00:00,88,-19,-8,1030,NW,4.92,0,0
2010-02-03 0:00:00,69,-20,-8,1030,NW,8.05,0,0
2010-02-03 1:00:00,71,-21,-8,1030,cv,0.89,0,0
2010-02-03 2:00:00,62,-18,-10,1030,NE,0.89,0,0
2010-02-03 3:00:00,73,-17,-10,1030,cv,0.89,0,0
2010-02-03 4:00:00,107,-17,-12,1030,SE,0.89,0,0
2010-02-03 5:00:00,94,-17,-13,1030,NW,1.79,0,0
2010-02-03 6:00:00,121,-17,-13,1030,NW,4.92,0,0
2010-02-03 7:00:00,132,-19,-11,1030,cv,0.89,0,0
2010-02-03 8:00:00,161,-18,-11,1030,cv,1.34,0,0
2010-02-03 9:00:00,120,-18,-8,1030,NW,1.79,0,0
2010-02-03 10:00:00,72,-19,-4,1030,NE,3.13,0,0
2010-02-03 11:00:00,58,-20,-2,1030,NW,4.92,0,0
2010-02-03 12:00:00,34,-22,0,1029,NW,12.07,0,0
2010-02-03 13:00:00,14,-23,1,1027,NW,19.22,0,0
2010-02-03 14:00:00,17,-24,1,1026,NW,28.16,0,0
2010-02-03 15:00:00,15,-25,2,1026,NW,37.1,0,0
2010-02-03 16:00:00,23,-22,2,1026,NW,46.93,0,0
2010-02-03 17:00:00,34,-21,1,1026,NW,54.08,0,0
2010-02-03 18:00:00,96,-22,1,1026,NW,59,0,0
2010-02-03 19:00:00,87,-17,0,1027,NW,63.02,0,0
2010-02-03 20:00:00,87,-20,-4,1027,cv,0.89,0,0
2010-02-03 21:00:00,95,-20,-5,1028,NW,1.79,0,0
2010-02-03 22:00:00,105,-21,-6,1028,NW,4.92,0,0
2010-02-03 23:00:00,114,-21,-7,1028,cv,0.45,0,0
2010-02-04 0:00:00,103,-21,-7,1028,NW,1.79,0,0
2010-02-04 1:00:00,99,-21,-8,1028,NW,4.92,0,0
2010-02-04 2:00:00,102,-21,-9,1028,cv,0.89,0,0
2010-02-04 3:00:00,104,-19,-10,1028,cv,1.34,0,0
2010-02-04 4:00:00,78,-19,-10,1028,NW,1.79,0,0
2010-02-04 5:00:00,33,-19,-12,1028,cv,0.89,0,0
2010-02-04 6:00:00,29,-18,-12,1028,SE,0.89,0,0
2010-02-04 7:00:00,27,-20,-15,1028,NW,4.02,0,0
2010-02-04 8:00:00,27,-17,-10,1028,NW,8.04,0,0
2010-02-04 9:00:00,26,-19,-5,1028,NW,12.06,0,0
2010-02-04 10:00:00,33,-20,-3,1028,NW,15.19,0,0
2010-02-04 11:00:00,29,-20,-2,1028,NE,4.02,0,0
2010-02-04 12:00:00,31,-22,0,1027,NW,3.13,0,0
2010-02-04 13:00:00,28,-22,1,1025,NW,7.15,0,0
2010-02-04 14:00:00,28,-22,1,1025,NE,1.79,0,0
2010-02-04 15:00:00,61,-23,1,1024,NE,4.92,0,0
2010-02-04 16:00:00,64,-23,1,1024,NE,6.71,0,0
2010-02-04 17:00:00,80,-22,0,1024,NE,8.5,0,0
2010-02-04 18:00:00,91,-20,-4,1025,NE,11.63,0,0
2010-02-04 19:00:00,79,-22,-3,1026,NE,14.76,0,0
2010-02-04 20:00:00,48,-22,-3,1026,NE,15.65,0,0
2010-02-04 21:00:00,59,-20,-5,1027,NW,1.79,0,0
2010-02-04 22:00:00,82,-21,-3,1027,cv,0.89,0,0
2010-02-04 23:00:00,63,-19,-4,1027,NE,1.79,0,0
2010-02-05 0:00:00,48,-19,-4,1027,NE,4.92,0,0
2010-02-05 1:00:00,54,-19,-4,1027,NE,8.05,0,0
2010-02-05 2:00:00,42,-19,-4,1028,cv,0.89,0,0
2010-02-05 3:00:00,47,-19,-5,1028,NE,1.79,0,0
2010-02-05 4:00:00,87,-15,-5,1028,SE,1.79,0,0
2010-02-05 5:00:00,105,-13,-6,1028,NE,0.89,0,0
2010-02-05 6:00:00,90,-13,-7,1029,cv,0.89,0,0
2010-02-05 7:00:00,101,-12,-7,1030,cv,1.78,0,0
2010-02-05 8:00:00,126,-19,-6,1030,NE,3.13,0,0
2010-02-05 9:00:00,114,-18,-5,1031,NE,4.92,0,0
2010-02-05 10:00:00,103,-14,-4,1031,cv,1.79,0,0
2010-02-05 11:00:00,114,-13,-3,1031,SE,1.79,0,0
2010-02-05 12:00:00,100,-14,-2,1031,SE,3.58,0,0
2010-02-05 13:00:00,72,-13,-1,1030,SE,6.71,0,0
2010-02-05 14:00:00,68,-14,-1,1029,cv,1.79,0,0
2010-02-05 15:00:00,72,-13,-1,1029,SE,1.79,0,0
2010-02-05 16:00:00,71,-12,-1,1029,SE,3.58,0,0
2010-02-05 17:00:00,80,-12,-2,1030,SE,5.37,0,0
2010-02-05 18:00:00,70,-12,-4,1030,SE,6.26,0,0
2010-02-05 19:00:00,63,-13,-4,1031,SE,8.05,0,0
2010-02-05 20:00:00,67,-13,-5,1031,SE,8.94,0,0
2010-02-05 21:00:00,62,-12,-5,1032,SE,9.83,0,0
2010-02-05 22:00:00,69,-12,-6,1033,SE,11.62,0,0
2010-02-05 23:00:00,58,-11,-6,1033,SE,13.41,0,0
2010-02-06 0:00:00,51,-11,-7,1033,SE,15.2,0,0
2010-02-06 1:00:00,51,-11,-8,1033,SE,16.99,0,0
2010-02-06 2:00:00,54,-11,-8,1033,SE,18.78,0,0
2010-02-06 3:00:00,45,-11,-8,1033,SE,20.57,0,0
2010-02-06 4:00:00,47,-11,-7,1032,SE,23.7,0,0
2010-02-06 5:00:00,85,-11,-7,1032,SE,25.49,0,0
2010-02-06 6:00:00,78,-12,-7,1032,SE,27.28,0,0
2010-02-06 7:00:00,68,-12,-7,1032,SE,29.07,0,0
2010-02-06 8:00:00,64,-13,-7,1033,cv,0.89,0,0
2010-02-06 9:00:00,65,-12,-6,1033,SE,1.79,1,0
2010-02-06 10:00:00,80,-11,-5,1032,SE,4.92,0,0
2010-02-06 11:00:00,74,-11,-4,1032,SE,8.05,0,0
2010-02-06 12:00:00,93,-11,-3,1031,SE,11.18,0,0
2010-02-06 13:00:00,77,-11,-3,1030,SE,15.2,0,0
2010-02-06 14:00:00,67,-12,-2,1029,SE,19.22,0,0
2010-02-06 15:00:00,84,-12,-2,1029,SE,22.35,0,0
2010-02-06 16:00:00,77,-12,-2,1028,SE,25.48,0,0
2010-02-06 17:00:00,83,-12,-2,1027,SE,29.5,0,0
2010-02-06 18:00:00,82,-10,-3,1028,SE,33.52,0,0
2010-02-06 19:00:00,100,-9,-3,1029,SE,35.31,1,0
2010-02-06 20:00:00,189,-7,-4,1029,SE,37.1,2,0
2010-02-06 21:00:00,99,-6,-5,1028,SE,38.89,3,0
2010-02-06 22:00:00,71,-6,-5,1028,SE,42.02,4,0
2010-02-06 23:00:00,43,-6,-5,1027,SE,45.15,5,0
2010-02-07 0:00:00,64,-6,-5,1027,SE,46.94,6,0
2010-02-07 1:00:00,68,-7,-5,1026,SE,48.73,7,0
2010-02-07 2:00:00,69,-7,-5,1025,cv,0.89,8,0
2010-02-07 3:00:00,65,-7,-5,1025,cv,1.78,9,0
2010-02-07 4:00:00,71,-7,-6,1024,NW,0.89,10,0
2010-02-07 5:00:00,77,-7,-6,1024,cv,0.89,0,0
2010-02-07 6:00:00,81,-7,-6,1024,NW,0.89,0,0
2010-02-07 7:00:00,88,-7,-6,1023,NW,1.78,0,0
2010-02-07 8:00:00,90,-6,-5,1024,NE,1.79,0,0
2010-02-07 9:00:00,92,-6,-5,1024,NW,1.79,1,0
2010-02-07 10:00:00,88,-6,-4,1023,NW,3.58,0,0
2010-02-07 11:00:00,80,-6,-4,1023,cv,0.89,0,0
2010-02-07 12:00:00,100,-6,-3,1023,cv,1.78,0,0
2010-02-07 13:00:00,105,-7,-3,1022,cv,2.67,0,0
2010-02-07 14:00:00,118,-7,-3,1021,cv,3.56,0,0
2010-02-07 15:00:00,125,-6,-2,1020,SE,1.79,0,0
2010-02-07 16:00:00,141,-6,-2,1020,SE,3.58,0,0
2010-02-07 17:00:00,152,-6,-3,1020,SE,5.37,0,0
2010-02-07 18:00:00,164,-7,-4,1020,cv,0.89,0,0
2010-02-07 19:00:00,147,-7,-5,1021,SE,0.89,0,0
2010-02-07 20:00:00,162,-7,-5,1021,SE,1.78,0,0
2010-02-07 21:00:00,157,-6,-4,1022,SE,2.67,0,0
2010-02-07 22:00:00,156,-5,-3,1022,cv,0.89,0,0
2010-02-07 23:00:00,160,-7,-5,1020,NE,1.79,0,0
2010-02-08 0:00:00,178,-6,-4,1021,cv,0.89,0,0
2010-02-08 1:00:00,187,-6,-5,1020,cv,1.34,0,0
2010-02-08 2:00:00,181,-7,-6,1020,SE,0.89,0,0
2010-02-08 3:00:00,185,-8,-6,1020,NE,0.89,0,0
2010-02-08 4:00:00,197,-6,-5,1019,cv,0.89,0,0
2010-02-08 5:00:00,180,-6,-4,1019,NE,1.79,0,0
2010-02-08 6:00:00,172,-6,-4,1019,NW,1.79,0,0
2010-02-08 7:00:00,166,-6,-4,1020,NW,4.92,0,0
2010-02-08 8:00:00,136,-6,-4,1019,NW,8.05,0,0
2010-02-08 9:00:00,133,-5,-3,1020,NW,12.07,0,0
2010-02-08 10:00:00,140,-5,-2,1020,NW,15.2,0,0
2010-02-08 11:00:00,159,-5,-1,1019,cv,0.89,0,0
2010-02-08 12:00:00,169,-5,0,1019,cv,2.68,0,0
2010-02-08 13:00:00,170,-5,2,1017,NW,1.79,0,0
2010-02-08 14:00:00,184,-5,4,1017,cv,0.89,0,0
2010-02-08 15:00:00,163,-5,5,1017,SE,1.79,0,0
2010-02-08 16:00:00,140,-4,4,1017,SE,4.92,0,0
2010-02-08 17:00:00,144,-4,3,1017,SE,6.71,0,0
2010-02-08 18:00:00,166,-5,1,1019,cv,0.89,0,0
2010-02-08 19:00:00,196,-4,0,1020,SE,0.89,0,0
2010-02-08 20:00:00,227,-4,-1,1020,cv,0.89,0,0
2010-02-08 21:00:00,210,-5,-2,1020,cv,1.78,0,0
2010-02-08 22:00:00,233,-4,-2,1021,cv,2.23,0,0
2010-02-08 23:00:00,258,-4,-3,1021,cv,3.12,0,0
2010-02-09 0:00:00,247,-5,-3,1021,NW,1.79,0,0
2010-02-09 1:00:00,230,-5,-3,1022,SE,0.89,0,0
2010-02-09 2:00:00,273,-6,-4,1022,cv,0.89,0,0
2010-02-09 3:00:00,253,-5,-3,1022,NW,0.89,0,0
2010-02-09 4:00:00,254,-6,-5,1022,NW,2.68,0,0
2010-02-09 5:00:00,241,-6,-5,1022,NW,5.81,0,0
2010-02-09 6:00:00,229,-5,-4,1023,cv,0.89,0,0
2010-02-09 7:00:00,199,-5,-4,1023,cv,1.34,0,0
2010-02-09 8:00:00,193,-4,-3,1024,cv,2.23,0,0
2010-02-09 9:00:00,207,-9,1,1025,NW,4.02,0,0
2010-02-09 10:00:00,176,-15,2,1025,NW,8.04,0,0
2010-02-09 11:00:00,91,-17,3,1025,NE,3.13,0,0
2010-02-09 12:00:00,58,-18,4,1025,NE,4.92,0,0
2010-02-09 13:00:00,39,-16,4,1024,cv,0.89,0,0
2010-02-09 14:00:00,50,-14,5,1023,cv,1.78,0,0
2010-02-09 15:00:00,51,-13,4,1023,SE,1.79,0,0
2010-02-09 16:00:00,49,-12,4,1023,cv,0.89,0,0
2010-02-09 17:00:00,54,-11,3,1024,SE,1.79,0,0
2010-02-09 18:00:00,153,-10,2,1024,SE,3.58,0,0
2010-02-09 19:00:00,181,-7,2,1025,SE,6.71,0,0
2010-02-09 20:00:00,181,-6,0,1025,cv,0.89,0,0
2010-02-09 21:00:00,182,-8,-1,1026,NE,3.13,0,0
2010-02-09 22:00:00,156,-15,1,1026,NE,8.05,0,0
2010-02-09 23:00:00,27,-18,1,1027,NE,12.07,0,0
2010-02-10 0:00:00,16,-20,0,1028,NE,16.09,0,0
2010-02-10 1:00:00,22,-19,0,1028,NE,21.01,0,0
2010-02-10 2:00:00,21,-21,-1,1028,NE,25.03,0,0
2010-02-10 3:00:00,6,-21,-1,1029,NE,29.95,0,0
2010-02-10 4:00:00,8,-22,-2,1029,NE,34.87,0,0
2010-02-10 5:00:00,8,-22,-2,1030,NE,39.79,0,0
2010-02-10 6:00:00,8,-22,-3,1030,NE,45.6,0,0
2010-02-10 7:00:00,10,-22,-3,1031,NE,51.41,0,0
2010-02-10 8:00:00,9,-23,-4,1032,NE,58.56,0,0
2010-02-10 9:00:00,20,-23,-4,1033,NE,65.71,0,0
2010-02-10 10:00:00,14,-22,-3,1033,NE,71.52,0,0
2010-02-10 11:00:00,16,-24,-2,1032,NE,77.33,0,0
2010-02-10 12:00:00,14,-24,-1,1032,NE,83.14,0,0
2010-02-10 13:00:00,10,-26,0,1031,NW,5.81,0,0
2010-02-10 14:00:00,7,-26,0,1030,NE,5.81,0,0
2010-02-10 15:00:00,8,-22,0,1030,NE,11.62,0,0
2010-02-10 16:00:00,12,-22,0,1030,NE,17.43,0,0
2010-02-10 17:00:00,15,-23,-1,1030,NE,24.58,0,0
2010-02-10 18:00:00,8,-23,-1,1031,NE,31.73,0,0
2010-02-10 19:00:00,11,-22,-1,1032,NE,38.88,0,0
2010-02-10 20:00:00,18,-22,-2,1032,NE,44.69,0,0
2010-02-10 21:00:00,16,-21,-2,1033,NE,50.5,0,0
2010-02-10 22:00:00,11,-22,-2,1034,NE,56.31,0,0
2010-02-10 23:00:00,10,-21,-3,1035,NE,61.23,0,0
2010-02-11 0:00:00,11,-22,-3,1035,NE,67.04,0,0
2010-02-11 1:00:00,10,-22,-3,1035,NE,72.85,0,0
2010-02-11 2:00:00,10,-22,-3,1035,NE,77.77,0,0
2010-02-11 3:00:00,12,-22,-4,1035,NE,82.69,0,0
2010-02-11 4:00:00,12,-23,-4,1034,NE,89.84,0,0
2010-02-11 5:00:00,10,-23,-5,1034,NE,95.65,0,0
2010-02-11 6:00:00,10,-23,-5,1035,NW,5.81,0,0
2010-02-11 7:00:00,9,-22,-6,1036,NW,9.83,0,0
2010-02-11 8:00:00,9,-22,-5,1037,NW,14.75,0,0
2010-02-11 9:00:00,11,-22,-4,1037,NW,19.67,0,0
2010-02-11 10:00:00,12,-22,-4,1037,NW,25.48,0,0
2010-02-11 11:00:00,12,-22,-3,1037,NE,5.81,0,0
2010-02-11 12:00:00,12,-22,-3,1036,NE,11.62,0,0
2010-02-11 13:00:00,21,-24,-2,1036,NW,4.92,0,0
2010-02-11 14:00:00,18,-23,-2,1035,NE,4.02,0,0
2010-02-11 15:00:00,13,-23,-2,1035,NE,7.15,0,0
2010-02-11 16:00:00,18,-23,-2,1035,NW,4.02,0,0
2010-02-11 17:00:00,17,-23,-2,1035,NE,4.92,0,0
2010-02-11 18:00:00,19,-22,-3,1035,NE,8.05,0,0
2010-02-11 19:00:00,22,-21,-3,1036,NE,11.18,0,0
2010-02-11 20:00:00,20,-21,-5,1036,NW,3.13,0,0
2010-02-11 21:00:00,24,-21,-5,1036,NW,8.05,0,0
2010-02-11 22:00:00,19,-20,-5,1037,NW,11.18,0,0
2010-02-11 23:00:00,13,-21,-5,1038,NE,4.02,0,0
2010-02-12 0:00:00,17,-22,-5,1038,NE,9.83,0,0
2010-02-12 1:00:00,22,-22,-6,1038,NE,14.75,0,0
2010-02-12 2:00:00,16,-22,-6,1038,NE,18.77,0,0
2010-02-12 3:00:00,16,-22,-7,1037,NE,22.79,0,0
2010-02-12 4:00:00,11,-23,-8,1037,NW,3.13,0,0
2010-02-12 5:00:00,10,-22,-8,1037,NW,7.15,0,0
2010-02-12 6:00:00,9,-22,-9,1038,NW,11.17,0,0
2010-02-12 7:00:00,11,-23,-9,1038,NW,14.3,0,0
2010-02-12 8:00:00,14,-21,-9,1038,NW,17.43,0,0
2010-02-12 9:00:00,21,-22,-6,1038,NE,4.02,0,0
2010-02-12 10:00:00,26,-22,-5,1037,NE,7.15,0,0
2010-02-12 11:00:00,21,-22,-4,1036,NW,3.13,0,0
2010-02-12 12:00:00,19,-23,-3,1035,cv,3.13,0,0
2010-02-12 13:00:00,13,-23,-2,1034,NW,3.13,0,0
2010-02-12 14:00:00,13,-23,-1,1033,NW,6.26,0,0
2010-02-12 15:00:00,13,-23,-1,1032,cv,1.79,0,0
2010-02-12 16:00:00,13,-23,-1,1032,NE,1.79,0,0
2010-02-12 17:00:00,11,-23,-1,1031,NE,3.58,0,0
2010-02-12 18:00:00,19,-22,-3,1031,NE,5.37,0,0
2010-02-12 19:00:00,22,-21,-4,1032,SE,0.89,0,0
2010-02-12 20:00:00,50,-19,-5,1032,cv,0.89,0,0
2010-02-12 21:00:00,58,-18,-6,1032,cv,1.34,0,0
2010-02-12 22:00:00,60,-16,-8,1032,cv,1.79,0,0
2010-02-12 23:00:00,69,-18,-8,1032,NE,0.89,0,0
2010-02-13 0:00:00,108,-18,-8,1031,NW,3.13,0,0
2010-02-13 1:00:00,51,-18,-11,1031,NW,6.26,0,0
2010-02-13 2:00:00,54,-19,-8,1031,NW,8.05,0,0
2010-02-13 3:00:00,38,-19,-11,1030,NW,11.18,0,0
2010-02-13 4:00:00,27,-19,-10,1030,NW,14.31,0,0
2010-02-13 5:00:00,23,-19,-11,1030,NW,16.1,0,0
2010-02-13 6:00:00,27,-19,-11,1030,NW,19.23,0,0
2010-02-13 7:00:00,28,-19,-11,1030,NW,21.02,0,0
2010-02-13 8:00:00,24,-17,-10,1031,NW,24.15,0,0
2010-02-13 9:00:00,26,-17,-7,1031,cv,0.89,0,0
2010-02-13 10:00:00,23,-18,-5,1031,cv,1.78,0,0
2010-02-13 11:00:00,37,-18,-3,1030,SE,1.79,0,0
2010-02-13 12:00:00,46,-19,0,1029,cv,0.89,0,0
2010-02-13 13:00:00,49,-20,1,1028,SE,1.79,0,0
2010-02-13 14:00:00,53,-20,3,1027,cv,1.79,0,0
2010-02-13 15:00:00,57,-20,3,1026,SE,3.13,0,0
2010-02-13 16:00:00,51,-20,3,1026,SE,7.15,0,0
2010-02-13 17:00:00,64,-20,2,1026,SE,11.17,0,0
2010-02-13 18:00:00,100,-18,0,1026,SE,15.19,0,0
2010-02-13 19:00:00,113,-15,-1,1027,SE,18.32,0,0
2010-02-13 20:00:00,136,-15,0,1027,SE,22.34,0,0
2010-02-13 21:00:00,213,-15,-4,1027,cv,0.89,0,0
2010-02-13 22:00:00,259,-13,-5,1028,cv,1.78,0,0
2010-02-13 23:00:00,267,-13,-6,1028,cv,2.67,0,0
2010-02-14 0:00:00,351,-13,-7,1028,NE,0.89,0,0
2010-02-14 1:00:00,980,-14,-7,1029,cv,0.89,0,0
2010-02-14 2:00:00,0,-14,-5,1029,NW,3.13,0,0
2010-02-14 3:00:00,599,-14,-6,1030,NW,6.26,0,0
2010-02-14 4:00:00,39,-14,-5,1030,NW,10.28,0,0
2010-02-14 5:00:00,7,-17,-3,1030,NW,15.2,0,0
2010-02-14 6:00:00,8,-17,-3,1031,NE,4.02,0,0
2010-02-14 7:00:00,7,-18,-4,1032,NW,4.02,0,0
2010-02-14 8:00:00,7,-20,-3,1033,NW,8.94,0,0
2010-02-14 9:00:00,7,-21,-3,1034,NW,14.75,0,0
2010-02-14 10:00:00,16,-22,-3,1035,NW,20.56,0,0
2010-02-14 11:00:00,19,-22,-3,1035,NE,5.81,0,0
2010-02-14 12:00:00,15,-23,-2,1035,NW,4.92,0,0
2010-02-14 13:00:00,21,-24,-2,1033,NE,4.92,0,0
2010-02-14 14:00:00,18,-23,-2,1033,NE,9.84,0,0
2010-02-14 15:00:00,16,-24,-2,1032,NE,13.86,0,0
2010-02-14 16:00:00,15,-24,-2,1032,NE,17.88,0,0
2010-02-14 17:00:00,16,-23,-2,1032,NE,21.9,0,0
2010-02-14 18:00:00,16,-23,-4,1033,NE,23.69,0,0
2010-02-14 19:00:00,21,-22,-5,1033,cv,0.89,0,0
2010-02-14 20:00:00,36,-23,-5,1035,NW,1.79,0,0
2010-02-14 21:00:00,51,-22,-8,1035,NW,4.92,0,0
2010-02-14 22:00:00,67,-21,-7,1036,NW,8.05,0,0
2010-02-14 23:00:00,46,-22,-8,1036,NW,11.18,0,0
2010-02-15 0:00:00,45,-21,-7,1036,NE,4.02,0,0
2010-02-15 1:00:00,27,-22,-7,1037,NE,8.04,0,0
2010-02-15 2:00:00,24,-22,-7,1036,NE,12.96,0,0
2010-02-15 3:00:00,18,-22,-8,1037,cv,0.89,0,0
2010-02-15 4:00:00,15,-22,-8,1036,cv,1.78,0,0
2010-02-15 5:00:00,17,-22,-9,1036,NE,3.13,0,0
2010-02-15 6:00:00,11,-22,-9,1036,NE,7.15,0,0
2010-02-15 7:00:00,16,-22,-10,1037,NW,4.02,0,0
2010-02-15 8:00:00,16,-21,-9,1037,NW,7.15,0,0
2010-02-15 9:00:00,39,-22,-6,1038,NW,10.28,0,0
2010-02-15 10:00:00,25,-23,-5,1038,NW,12.07,0,0
2010-02-15 11:00:00,17,-23,-4,1037,NW,15.2,0,0
2010-02-15 12:00:00,8,-23,-3,1036,NW,16.99,0,0
2010-02-15 13:00:00,11,-23,-1,1035,NW,18.78,0,0
2010-02-15 14:00:00,14,-23,0,1033,NE,4.02,0,0
2010-02-15 15:00:00,15,-26,0,1032,cv,1.79,0,0
2010-02-15 16:00:00,15,-26,0,1032,cv,2.68,0,0
2010-02-15 17:00:00,13,-26,0,1032,cv,3.57,0,0
2010-02-15 18:00:00,13,-23,-3,1033,SE,1.79,0,0
2010-02-15 19:00:00,26,-22,-4,1033,SE,2.68,0,0
2010-02-15 20:00:00,50,-21,-6,1034,cv,0.89,0,0
2010-02-15 21:00:00,73,-20,-9,1034,NE,0.89,0,0
2010-02-15 22:00:00,96,-20,-8,1034,cv,0.89,0,0
2010-02-15 23:00:00,116,-18,-10,1034,NW,1.79,0,0
2010-02-16 0:00:00,146,-17,-11,1034,NW,4.92,0,0
2010-02-16 1:00:00,113,-19,-10,1034,NW,8.05,0,0
2010-02-16 2:00:00,91,-19,-11,1034,NW,11.18,0,0
2010-02-16 3:00:00,70,-20,-12,1034,NW,12.07,0,0
2010-02-16 4:00:00,65,-18,-12,1033,cv,0.45,0,0
2010-02-16 5:00:00,51,-17,-13,1033,NW,0.89,0,0
2010-02-16 6:00:00,29,-20,-12,1033,NW,4.02,0,0
2010-02-16 7:00:00,30,-20,-12,1033,NW,8.04,0,0
2010-02-16 8:00:00,26,-18,-11,1033,NW,9.83,0,0
2010-02-16 9:00:00,26,-19,-7,1033,NW,12.96,0,0
2010-02-16 10:00:00,24,-20,-4,1032,cv,0.89,0,0
2010-02-16 11:00:00,21,-20,-3,1032,cv,1.78,0,0
2010-02-16 12:00:00,24,-21,-1,1031,NW,1.79,0,0
2010-02-16 13:00:00,39,-21,1,1030,cv,0.89,0,0
2010-02-16 14:00:00,79,-19,2,1028,SE,4.02,0,0
2010-02-16 15:00:00,99,-16,3,1027,SE,8.04,0,0
2010-02-16 16:00:00,118,-15,3,1027,SE,12.06,0,0
2010-02-16 17:00:00,140,-15,1,1026,SE,15.19,0,0
2010-02-16 18:00:00,159,-13,-1,1026,SE,18.32,0,0
2010-02-16 19:00:00,161,-12,-1,1027,SE,20.11,0,0
2010-02-16 20:00:00,167,-12,-3,1027,SE,21,0,0
2010-02-16 21:00:00,178,-12,-5,1026,cv,0.89,0,0
2010-02-16 22:00:00,192,-12,-6,1026,cv,1.78,0,0
2010-02-16 23:00:00,198,-12,-4,1026,NE,0.89,0,0
2010-02-17 0:00:00,207,-13,-6,1025,cv,0.89,0,0
2010-02-17 1:00:00,237,-13,-5,1025,cv,1.78,0,0
2010-02-17 2:00:00,247,-12,-6,1025,NW,3.13,0,0
2010-02-17 3:00:00,227,-12,-5,1025,NW,7.15,0,0
2010-02-17 4:00:00,176,-12,-3,1024,NW,11.17,0,0
2010-02-17 5:00:00,113,-8,-1,1024,NW,19.22,0,0
2010-02-17 6:00:00,46,-15,-1,1025,NW,28.16,0,0
2010-02-17 7:00:00,18,-15,-2,1026,NW,35.31,0,0
2010-02-17 8:00:00,13,-19,-3,1027,NW,42.46,0,0
2010-02-17 9:00:00,22,-22,-2,1028,NW,54.53,0,0
2010-02-17 10:00:00,15,-22,-1,1029,NW,63.47,0,0
2010-02-17 11:00:00,18,-23,-1,1028,NW,74.65,0,0
2010-02-17 12:00:00,18,-25,0,1028,NW,86.72,0,0
2010-02-17 13:00:00,12,-25,1,1027,NW,97.9,0,0
2010-02-17 14:00:00,11,-25,1,1027,NW,107.73,0,0
2010-02-17 15:00:00,11,-26,2,1026,NW,118.91,0,0
2010-02-17 16:00:00,12,-27,1,1026,NW,130.09,0,0
2010-02-17 17:00:00,9,-25,1,1026,NW,139.03,0,0
2010-02-17 18:00:00,9,-22,-3,1026,NE,1.79,0,0
2010-02-17 19:00:00,27,-22,-2,1026,SE,0.89,0,0
2010-02-17 20:00:00,31,-19,-4,1026,SE,2.68,0,0
2010-02-17 21:00:00,39,-18,-4,1027,SE,4.47,0,0
2010-02-17 22:00:00,49,-20,-4,1027,SE,6.26,0,0
2010-02-17 23:00:00,48,-18,-8,1027,SE,9.39,0,0
2010-02-18 0:00:00,50,-19,-6,1027,cv,0.45,0,0
2010-02-18 1:00:00,38,-19,-7,1027,NW,0.89,0,0
2010-02-18 2:00:00,36,-17,-9,1026,NE,0.89,0,0
2010-02-18 3:00:00,41,-18,-9,1026,cv,0.89,0,0
2010-02-18 4:00:00,80,-16,-10,1025,NE,0.89,0,0
2010-02-18 5:00:00,70,-18,-9,1025,NW,0.89,0,0
2010-02-18 6:00:00,74,-18,-11,1026,NE,1.79,0,0
2010-02-18 7:00:00,77,-18,-11,1026,cv,0.89,0,0
2010-02-18 8:00:00,87,-17,-8,1026,cv,1.78,0,0
2010-02-18 9:00:00,107,-18,-4,1027,NW,3.13,0,0
2010-02-18 10:00:00,54,-17,0,1026,cv,0.89,0,0
2010-02-18 11:00:00,36,-21,2,1026,cv,1.78,0,0
2010-02-18 12:00:00,34,-21,3,1024,cv,2.67,0,0
2010-02-18 13:00:00,19,-21,5,1022,NW,5.81,0,0
2010-02-18 14:00:00,26,-21,5,1021,NW,11.62,0,0
2010-02-18 15:00:00,27,-21,6,1021,NW,13.41,0,0
2010-02-18 16:00:00,27,-21,4,1021,SE,5.81,0,0
2010-02-18 17:00:00,29,-21,4,1021,SE,9.83,0,0
2010-02-18 18:00:00,41,-21,3,1021,cv,4.02,0,0
2010-02-18 19:00:00,47,-20,2,1021,SE,4.92,0,0
2010-02-18 20:00:00,115,-20,3,1021,SE,8.94,0,0
2010-02-18 21:00:00,265,-20,2,1021,SE,12.96,0,0
2010-02-18 22:00:00,236,-17,-1,1021,SE,14.75,0,0
2010-02-18 23:00:00,296,-16,-3,1021,cv,0.89,0,0
2010-02-19 0:00:00,159,-15,-5,1020,cv,1.78,0,0
2010-02-19 1:00:00,119,-15,-6,1020,cv,2.67,0,0
2010-02-19 2:00:00,115,-14,-7,1019,cv,3.56,0,0
2010-02-19 3:00:00,168,-15,-8,1019,cv,4.45,0,0
2010-02-19 4:00:00,177,-15,-8,1018,cv,4.9,0,0
2010-02-19 5:00:00,191,-15,-8,1018,cv,5.79,0,0
2010-02-19 6:00:00,185,-15,-9,1018,NW,1.79,0,0
2010-02-19 7:00:00,157,-15,-9,1018,NW,3.58,0,0
2010-02-19 8:00:00,114,-13,-6,1018,NE,0.89,0,0
2010-02-19 9:00:00,117,-14,-2,1018,NE,2.68,0,0
2010-02-19 10:00:00,112,-15,1,1018,NE,4.47,0,0
2010-02-19 11:00:00,107,-17,4,1017,cv,0.89,0,0
2010-02-19 12:00:00,96,-16,7,1017,cv,1.78,0,0
2010-02-19 13:00:00,99,-16,9,1016,SE,4.02,0,0
2010-02-19 14:00:00,82,-17,10,1015,SE,5.81,0,0
2010-02-19 15:00:00,58,-18,11,1014,SE,8.94,0,0
2010-02-19 16:00:00,40,-18,10,1014,cv,3.13,0,0
2010-02-19 17:00:00,45,-18,9,1014,SE,3.13,0,0
2010-02-19 18:00:00,44,-19,7,1014,SE,6.26,0,0
2010-02-19 19:00:00,49,-18,7,1014,SE,10.28,0,0
2010-02-19 20:00:00,65,-16,1,1015,cv,0.89,0,0
2010-02-19 21:00:00,101,-14,-1,1015,cv,1.78,0,0
2010-02-19 22:00:00,146,-13,-2,1015,cv,2.67,0,0
2010-02-19 23:00:00,165,-13,-3,1015,cv,3.56,0,0
2010-02-20 0:00:00,205,-12,-4,1015,cv,4.45,0,0
2010-02-20 1:00:00,191,-14,-1,1015,cv,5.34,0,0
2010-02-20 2:00:00,204,-14,-3,1015,NW,0.89,0,0
2010-02-20 3:00:00,190,-12,-5,1014,NW,1.78,0,0
2010-02-20 4:00:00,174,-12,-6,1014,NW,3.57,0,0
2010-02-20 5:00:00,144,-12,-6,1014,NW,5.36,0,0
2010-02-20 6:00:00,120,-12,-7,1014,SE,0.89,0,0
2010-02-20 7:00:00,122,-13,-8,1014,NW,1.79,0,0
2010-02-20 8:00:00,152,-11,-6,1014,cv,0.89,0,0
2010-02-20 9:00:00,158,-12,0,1015,NE,1.79,0,0
2010-02-20 10:00:00,178,-12,3,1014,SE,1.79,0,0
2010-02-20 11:00:00,184,-11,5,1014,SE,3.58,0,0
2010-02-20 12:00:00,184,-10,7,1013,SE,5.37,0,0
2010-02-20 13:00:00,185,-9,8,1012,SE,8.5,0,0
2010-02-20 14:00:00,175,-9,9,1011,SE,11.63,0,0
2010-02-20 15:00:00,165,-8,9,1010,SE,14.76,0,0
2010-02-20 16:00:00,150,-8,9,1011,cv,0.89,0,0
2010-02-20 17:00:00,163,-8,8,1010,cv,1.78,0,0
2010-02-20 18:00:00,172,-8,7,1010,NW,3.13,0,0
2010-02-20 19:00:00,184,-8,5,1011,NW,4.92,0,0
2010-02-20 20:00:00,178,-9,2,1011,NE,1.79,0,0
2010-02-20 21:00:00,211,-7,-1,1011,SE,0.89,0,0
2010-02-20 22:00:00,213,-8,-2,1012,cv,0.45,0,0
2010-02-20 23:00:00,282,-8,-2,1011,cv,1.34,0,0
2010-02-21 0:00:00,261,-7,-2,1011,cv,2.23,0,0
2010-02-21 1:00:00,215,-6,-1,1011,cv,2.68,0,0
2010-02-21 2:00:00,233,-6,-2,1011,cv,3.57,0,0
2010-02-21 3:00:00,235,-6,-2,1011,NW,0.89,0,0
2010-02-21 4:00:00,214,-7,-2,1011,NW,2.68,0,0
2010-02-21 5:00:00,205,-8,-3,1011,NW,4.47,0,0
2010-02-21 6:00:00,206,-8,-5,1011,NW,7.6,0,0
2010-02-21 7:00:00,220,-7,-3,1012,NW,9.39,0,0
2010-02-21 8:00:00,191,-6,-1,1013,NW,12.52,0,0
2010-02-21 9:00:00,189,-6,3,1014,NW,17.44,0,0
2010-02-21 10:00:00,109,-8,6,1014,NW,22.36,0,0
2010-02-21 11:00:00,65,-8,10,1014,NW,25.49,0,0
2010-02-21 12:00:00,35,-13,12,1014,NW,31.3,0,0
2010-02-21 13:00:00,35,-15,13,1013,NW,36.22,0,0
2010-02-21 14:00:00,27,-15,14,1012,NW,42.03,0,0
2010-02-21 15:00:00,36,-15,14,1012,NW,47.84,0,0
2010-02-21 16:00:00,30,-15,14,1012,NW,51.86,0,0
2010-02-21 17:00:00,23,-15,12,1013,NE,3.13,0,0
2010-02-21 18:00:00,20,-15,9,1014,cv,0.89,0,0
2010-02-21 19:00:00,30,-13,4,1015,cv,1.78,0,0
2010-02-21 20:00:00,69,-13,4,1016,cv,2.67,0,0
2010-02-21 21:00:00,99,-12,4,1017,SE,1.79,0,0
2010-02-21 22:00:00,117,-3,2,1018,SE,7.6,0,0
2010-02-21 23:00:00,154,-6,1,1019,SE,11.62,0,0
2010-02-22 0:00:00,154,-6,-1,1020,cv,0.89,0,0
2010-02-22 1:00:00,136,-5,0,1021,cv,1.34,0,0
2010-02-22 2:00:00,143,-6,-2,1021,SE,1.79,0,0
2010-02-22 3:00:00,132,-7,-1,1021,SE,4.92,0,0
2010-02-22 4:00:00,100,-8,-3,1021,SE,6.71,0,0
2010-02-22 5:00:00,89,-8,-3,1021,SE,8.5,0,0
2010-02-22 6:00:00,90,-7,-3,1021,SE,10.29,0,0
2010-02-22 7:00:00,90,-8,-4,1021,SE,12.08,0,0
2010-02-22 8:00:00,99,-7,-2,1022,SE,15.21,0,0
2010-02-22 9:00:00,92,-7,-1,1022,SE,19.23,0,0
2010-02-22 10:00:00,80,-8,0,1022,SE,23.25,0,0
2010-02-22 11:00:00,56,-9,2,1022,SE,26.38,0,0
2010-02-22 12:00:00,60,-10,3,1020,SE,31.3,0,0
2010-02-22 13:00:00,72,-10,3,1019,SE,34.43,0,0
2010-02-22 14:00:00,76,-10,4,1018,SE,38.45,0,0
2010-02-22 15:00:00,79,-10,5,1017,SE,42.47,0,0
2010-02-22 16:00:00,84,-10,4,1016,SE,45.6,0,0
2010-02-22 17:00:00,92,-9,3,1015,SE,48.73,0,0
2010-02-22 18:00:00,100,-8,2,1015,SE,49.62,0,0
2010-02-22 19:00:00,95,-7,0,1015,SE,51.41,0,0
2010-02-22 20:00:00,81,-7,-1,1014,cv,0.89,0,0
2010-02-22 21:00:00,95,-7,0,1014,SE,3.13,0,0
2010-02-22 22:00:00,87,-6,-1,1014,SE,4.92,0,0
2010-02-22 23:00:00,86,-7,-2,1014,cv,0.89,0,0
2010-02-23 0:00:00,90,-7,-4,1013,NE,0.89,0,0
2010-02-23 1:00:00,111,-6,-4,1013,SE,0.89,0,0
2010-02-23 2:00:00,104,-7,-4,1012,cv,0.89,0,0
2010-02-23 3:00:00,129,-8,-5,1012,cv,1.78,0,0
2010-02-23 4:00:00,117,-7,-5,1011,cv,2.23,0,0
2010-02-23 5:00:00,105,-8,-6,1011,NE,0.89,0,0
2010-02-23 6:00:00,112,-7,-6,1010,NW,1.79,0,0
2010-02-23 7:00:00,130,-8,-6,1010,NW,3.58,0,0
2010-02-23 8:00:00,134,-6,-4,1010,cv,0.89,0,0
2010-02-23 9:00:00,136,-5,-1,1010,cv,1.78,0,0
2010-02-23 10:00:00,142,-6,0,1009,NW,1.79,0,0
2010-02-23 11:00:00,150,-7,2,1008,cv,0.89,0,0
2010-02-23 12:00:00,148,-7,4,1007,cv,1.78,0,0
2010-02-23 13:00:00,160,-7,5,1006,SE,1.79,0,0
2010-02-23 14:00:00,179,-7,6,1004,cv,0.89,0,0
2010-02-23 15:00:00,183,-6,7,1003,cv,1.78,0,0
2010-02-23 16:00:00,191,-6,7,1003,SE,1.79,0,0
2010-02-23 17:00:00,195,-6,7,1003,SE,3.58,0,0
2010-02-23 18:00:00,196,-6,5,1003,SE,4.47,0,0
2010-02-23 19:00:00,218,-7,3,1003,cv,0.89,0,0
2010-02-23 20:00:00,246,-6,2,1003,NW,1.79,0,0
2010-02-23 21:00:00,264,-6,0,1004,SE,0.89,0,0
2010-02-23 22:00:00,274,-5,0,1004,cv,0.45,0,0
2010-02-23 23:00:00,282,-6,-1,1004,cv,1.34,0,0
2010-02-24 0:00:00,283,-6,-1,1003,NW,1.79,0,0
2010-02-24 1:00:00,242,-6,0,1003,NW,3.58,0,0
2010-02-24 2:00:00,227,-5,-1,1003,cv,0.89,0,0
2010-02-24 3:00:00,223,-6,1,1003,cv,1.78,0,0
2010-02-24 4:00:00,227,-6,-1,1002,NW,1.79,0,0
2010-02-24 5:00:00,227,-5,-2,1003,NW,3.58,0,0
2010-02-24 6:00:00,237,-5,-2,1003,NW,6.71,0,0
2010-02-24 7:00:00,243,-5,-1,1003,NW,9.84,0,0
2010-02-24 8:00:00,262,-5,0,1004,NW,12.97,0,0
2010-02-24 9:00:00,296,-5,3,1004,NW,16.99,0,0
2010-02-24 10:00:00,301,-4,5,1004,NW,21.01,0,0
2010-02-24 11:00:00,302,-4,6,1004,NW,25.03,0,0
2010-02-24 12:00:00,311,-4,7,1004,NW,29.05,0,0
2010-02-24 13:00:00,307,-2,10,1003,NW,33.97,0,0
2010-02-24 14:00:00,312,-2,11,1002,NW,37.1,0,0
2010-02-24 15:00:00,298,-2,11,1002,cv,0.89,0,0
2010-02-24 16:00:00,292,-1,11,1003,cv,1.78,0,0
2010-02-24 17:00:00,299,0,10,1003,SE,1.79,0,0
2010-02-24 18:00:00,353,0,8,1005,SE,4.92,0,0
2010-02-24 19:00:00,368,2,6,1006,cv,0.89,0,0
2010-02-24 20:00:00,309,3,7,1007,SE,1.79,0,0
2010-02-24 21:00:00,284,3,6,1008,SE,3.58,0,0
2010-02-24 22:00:00,244,2,6,1009,SE,6.71,0,0
2010-02-24 23:00:00,218,3,5,1010,cv,0.89,0,0
2010-02-25 0:00:00,164,2,4,1010,cv,1.78,0,0
2010-02-25 1:00:00,153,1,3,1011,cv,2.67,0,0
2010-02-25 2:00:00,135,1,3,1012,cv,3.12,0,0
2010-02-25 3:00:00,134,1,3,1012,cv,4.01,0,0
2010-02-25 4:00:00,139,0,2,1012,NE,0.89,0,0
2010-02-25 5:00:00,148,0,1,1013,NW,0.89,0,0
2010-02-25 6:00:00,210,-1,0,1014,NW,2.68,0,0
2010-02-25 7:00:00,218,-3,-2,1014,NW,4.47,0,0
2010-02-25 8:00:00,253,-1,0,1016,SE,1.79,0,0
2010-02-25 9:00:00,266,1,2,1017,SE,2.68,0,0
2010-02-25 10:00:00,241,0,5,1017,SE,6.7,0,0
2010-02-25 11:00:00,235,0,7,1017,SE,11.62,0,0
2010-02-25 12:00:00,237,-1,7,1017,SE,16.54,0,0
2010-02-25 13:00:00,248,-2,8,1017,SE,21.46,0,0
2010-02-25 14:00:00,180,-2,8,1016,SE,26.38,0,0
2010-02-25 15:00:00,176,-1,6,1016,SE,30.4,0,0
2010-02-25 16:00:00,165,-1,6,1016,SE,35.32,0,0
2010-02-25 17:00:00,138,-1,6,1017,SE,39.34,0,0
2010-02-25 18:00:00,136,-2,6,1017,SE,42.47,0,0
2010-02-25 19:00:00,136,-2,5,1018,SE,45.6,0,0
2010-02-25 20:00:00,130,-2,5,1018,SE,47.39,0,0
2010-02-25 21:00:00,118,-6,4,1019,SE,54.54,0,0
2010-02-25 22:00:00,56,-7,3,1019,SE,59.46,0,0
2010-02-25 23:00:00,55,-6,2,1020,SE,63.48,0,0
2010-02-26 0:00:00,52,-7,1,1020,SE,66.61,0,0
2010-02-26 1:00:00,46,-7,0,1020,SE,69.74,0,0
2010-02-26 2:00:00,46,-6,0,1021,SE,71.53,0,0
2010-02-26 3:00:00,45,-6,0,1021,SE,73.32,0,0
2010-02-26 4:00:00,51,-5,0,1020,SE,75.11,0,0
2010-02-26 5:00:00,53,-5,0,1021,SE,76.9,0,0
2010-02-26 6:00:00,50,-5,0,1021,SE,78.69,0,0
2010-02-26 7:00:00,46,-5,0,1021,SE,79.58,0,0
2010-02-26 8:00:00,58,-6,0,1022,SE,81.37,0,0
2010-02-26 9:00:00,75,-6,1,1022,cv,0.89,0,0
2010-02-26 10:00:00,72,-6,2,1022,SE,1.79,0,0
2010-02-26 11:00:00,82,-6,3,1022,cv,0.89,0,0
2010-02-26 12:00:00,81,-6,4,1021,cv,1.78,0,0
2010-02-26 13:00:00,91,-6,5,1021,cv,3.57,0,0
2010-02-26 14:00:00,93,-6,5,1020,SE,4.02,0,0
2010-02-26 15:00:00,90,-6,5,1020,SE,8.04,0,0
2010-02-26 16:00:00,79,-7,4,1020,SE,12.06,0,0
2010-02-26 17:00:00,79,-7,3,1020,SE,15.19,0,0
2010-02-26 18:00:00,70,-7,3,1020,SE,16.08,0,0
2010-02-26 19:00:00,70,-7,3,1021,SE,16.97,0,0
2010-02-26 20:00:00,84,-8,2,1021,SE,17.86,0,0
2010-02-26 21:00:00,103,-10,2,1021,SE,21.88,0,0
2010-02-26 22:00:00,95,-11,1,1022,SE,25.9,0,0
2010-02-26 23:00:00,66,-12,0,1021,SE,29.92,0,0
2010-02-27 0:00:00,38,-11,-1,1021,SE,33.05,0,0
2010-02-27 1:00:00,35,-13,-1,1021,SE,37.07,0,0
2010-02-27 2:00:00,30,-13,-1,1021,SE,40.2,0,0
2010-02-27 3:00:00,29,-13,-1,1021,SE,44.22,0,0
2010-02-27 4:00:00,31,-12,-1,1020,SE,47.35,0,0
2010-02-27 5:00:00,29,-6,-3,1021,SE,51.37,1,0
2010-02-27 6:00:00,31,-5,-4,1021,SE,53.16,2,0
2010-02-27 7:00:00,34,-5,-4,1021,SE,54.95,3,0
2010-02-27 8:00:00,52,-5,-4,1021,cv,0.89,4,0
2010-02-27 9:00:00,65,-5,-3,1021,SE,1.79,0,0
2010-02-27 10:00:00,89,-4,-2,1021,cv,0.89,0,0
2010-02-27 11:00:00,138,-4,-2,1021,cv,1.78,0,0
2010-02-27 12:00:00,77,-4,-1,1020,cv,2.67,0,0
2010-02-27 13:00:00,88,-4,-1,1019,SE,1.79,0,0
2010-02-27 14:00:00,95,-4,0,1018,SE,3.58,0,0
2010-02-27 15:00:00,105,-5,0,1017,SE,6.71,0,0
2010-02-27 16:00:00,101,-5,0,1017,SE,9.84,0,0
2010-02-27 17:00:00,102,-5,0,1017,SE,12.97,0,0
2010-02-27 18:00:00,103,-5,0,1017,SE,14.76,0,0
2010-02-27 19:00:00,105,-5,0,1017,SE,16.55,0,0
2010-02-27 20:00:00,98,-5,0,1018,cv,0.89,0,0
2010-02-27 21:00:00,124,-5,0,1018,SE,1.79,1,0
2010-02-27 22:00:00,112,-5,0,1019,cv,0.45,0,0
2010-02-27 23:00:00,123,-5,-1,1020,SE,0.89,0,0
2010-02-28 0:00:00,126,-4,-1,1020,NE,0.89,0,0
2010-02-28 1:00:00,114,-4,-1,1019,cv,0.45,0,0
2010-02-28 2:00:00,115,-4,-1,1019,cv,1.34,0,0
2010-02-28 3:00:00,128,-4,-2,1019,NE,0.89,0,0
2010-02-28 4:00:00,138,-6,-3,1019,cv,0.89,0,0
2010-02-28 5:00:00,145,-5,-2,1020,NW,1.79,0,0
2010-02-28 6:00:00,139,-4,-2,1020,NW,5.81,0,0
2010-02-28 7:00:00,119,-5,-1,1020,NW,9.83,0,0
2010-02-28 8:00:00,114,-4,-1,1021,NW,13.85,0,0
2010-02-28 9:00:00,78,-7,2,1023,NE,5.81,0,0
2010-02-28 10:00:00,80,-11,3,1023,NE,12.96,0,0
2010-02-28 11:00:00,37,-15,3,1023,NE,21.01,0,0
2010-02-28 12:00:00,20,-16,4,1024,NE,26.82,0,0
2010-02-28 13:00:00,20,-18,4,1023,NE,33.97,0,0
2010-02-28 14:00:00,14,-18,4,1023,NE,42.02,0,0
2010-02-28 15:00:00,13,-14,3,1022,NW,7.15,0,0
2010-02-28 16:00:00,16,-8,1,1023,NW,16.09,0,0
2010-02-28 17:00:00,15,-6,0,1023,NW,21.9,0,0
2010-02-28 18:00:00,21,-3,-2,1024,NW,26.82,1,0
2010-02-28 19:00:00,72,-3,-2,1025,NW,29.95,2,0
2010-02-28 20:00:00,85,-3,-2,1026,NW,33.08,3,0
2010-02-28 21:00:00,108,-3,-2,1026,NW,34.87,4,0
2010-02-28 22:00:00,128,-3,-2,1026,cv,0.89,5,0
2010-02-28 23:00:00,161,-3,-3,1027,SE,3.13,6,0
2010-03-01 0:00:00,69,-4,-3,1026,SE,7.15,7,0
2010-03-01 1:00:00,59,-5,-4,1026,SE,12.07,8,0
2010-03-01 2:00:00,42,-5,-4,1025,SE,15.2,9,0
2010-03-01 3:00:00,35,-5,-4,1025,SE,18.33,0,0
2010-03-01 4:00:00,35,-5,-5,1025,SE,20.12,0,0
2010-03-01 5:00:00,29,-5,-4,1025,SE,23.25,1,0
2010-03-01 6:00:00,25,-5,-4,1026,SE,25.04,2,0
2010-03-01 7:00:00,23,-5,-4,1025,SE,28.17,0,0
2010-03-01 8:00:00,17,-5,-4,1026,SE,29.96,0,0
2010-03-01 9:00:00,25,-5,-3,1026,SE,33.09,1,0
2010-03-01 10:00:00,39,-5,-2,1025,SE,36.22,0,0
2010-03-01 11:00:00,44,-5,-1,1024,SE,38.01,0,0
2010-03-01 12:00:00,51,-6,-2,1023,SE,39.8,0,0
2010-03-01 13:00:00,61,-6,-1,1022,SE,42.93,0,0
2010-03-01 14:00:00,70,-5,-1,1021,SE,46.06,0,0
2010-03-01 15:00:00,70,-5,-1,1021,SE,50.08,0,0
2010-03-01 16:00:00,65,-5,-1,1020,SE,53.21,0,0
2010-03-01 17:00:00,75,-5,-1,1020,SE,58.13,0,0
2010-03-01 18:00:00,86,-5,-2,1020,SE,63.05,1,0
2010-03-01 19:00:00,91,-5,-2,1020,SE,67.07,0,0
2010-03-01 20:00:00,95,-5,-2,1020,SE,70.2,0,0
2010-03-01 21:00:00,89,-5,-2,1019,SE,73.33,0,0
2010-03-01 22:00:00,96,-5,-2,1019,SE,77.35,0,0
2010-03-01 23:00:00,99,-5,-2,1019,SE,80.48,0,0
2010-03-02 0:00:00,101,-5,-2,1019,SE,82.27,0,0
2010-03-02 1:00:00,101,-5,-2,1019,cv,0.89,0,0
2010-03-02 2:00:00,108,-5,-2,1019,SE,0.89,0,0
2010-03-02 3:00:00,108,-5,-3,1018,cv,0.89,0,0
2010-03-02 4:00:00,115,-6,-5,1018,cv,1.78,0,0
2010-03-02 5:00:00,111,-7,-6,1018,NW,1.79,0,0
2010-03-02 6:00:00,120,-7,-6,1019,cv,0.89,0,0
2010-03-02 7:00:00,125,-8,-6,1020,cv,1.78,0,0
2010-03-02 8:00:00,138,-6,-5,1021,NW,1.79,0,0
2010-03-02 9:00:00,164,-4,0,1022,NW,4.92,0,0
2010-03-02 10:00:00,169,-7,2,1023,NW,12.07,0,0
2010-03-02 11:00:00,82,-9,4,1022,NW,20.12,0,0
2010-03-02 12:00:00,63,-9,6,1022,NW,28.17,0,0
2010-03-02 13:00:00,37,-11,6,1022,NW,36.22,0,0
2010-03-02 14:00:00,37,-12,7,1021,NW,44.27,0,0
2010-03-02 15:00:00,36,-12,8,1021,NW,52.32,0,0
2010-03-02 16:00:00,30,-13,8,1021,NW,60.37,0,0
2010-03-02 17:00:00,27,-12,8,1021,NW,65.29,0,0
2010-03-02 18:00:00,28,-13,7,1022,NW,69.31,0,0
2010-03-02 19:00:00,34,-12,7,1023,NW,72.44,0,0
2010-03-02 20:00:00,44,-12,5,1024,cv,0.89,0,0
2010-03-02 21:00:00,116,-11,5,1024,NW,1.79,0,0
2010-03-02 22:00:00,139,-6,3,1024,SE,3.13,0,0
2010-03-02 23:00:00,129,-6,0,1025,cv,0.89,0,0
2010-03-03 0:00:00,109,-6,3,1024,NW,1.79,0,0
2010-03-03 1:00:00,97,-5,0,1025,SE,0.89,0,0
2010-03-03 2:00:00,92,-5,-2,1025,cv,0.89,0,0
2010-03-03 3:00:00,158,-7,-1,1025,SE,4.02,0,0
2010-03-03 4:00:00,178,-8,-1,1024,SE,8.94,0,0
2010-03-03 5:00:00,135,-8,-1,1024,SE,12.96,0,0
2010-03-03 6:00:00,111,-8,-1,1024,SE,16.98,0,0
2010-03-03 7:00:00,114,-9,-2,1025,cv,0.89,0,0
2010-03-03 8:00:00,121,-7,-1,1025,SE,0.89,0,0
2010-03-03 9:00:00,126,-8,0,1026,cv,0.89,0,0
2010-03-03 10:00:00,133,-7,1,1026,SE,3.13,0,0
2010-03-03 11:00:00,146,-7,2,1025,SE,6.26,0,0
2010-03-03 12:00:00,165,-5,3,1025,SE,9.39,0,0
2010-03-03 13:00:00,202,-5,4,1023,SE,12.52,0,0
2010-03-03 14:00:00,230,-5,5,1022,SE,15.65,0,0
2010-03-03 15:00:00,247,-6,5,1021,SE,18.78,0,0
2010-03-03 16:00:00,236,-6,6,1021,SE,20.57,0,0
2010-03-03 17:00:00,227,-6,5,1020,SE,24.59,0,0
2010-03-03 18:00:00,224,-6,4,1019,cv,0.89,0,0
2010-03-03 19:00:00,187,-5,3,1020,SE,1.79,0,0
2010-03-03 20:00:00,150,-5,3,1020,SE,3.58,0,0
2010-03-03 21:00:00,144,-5,2,1020,cv,0.89,0,0
2010-03-03 22:00:00,123,-4,1,1020,cv,1.78,0,0
2010-03-03 23:00:00,134,-6,2,1020,SE,1.79,0,0
2010-03-04 0:00:00,98,-5,2,1019,SE,4.92,0,0
2010-03-04 1:00:00,101,-5,1,1019,SE,6.71,0,0
2010-03-04 2:00:00,108,-5,1,1018,SE,9.84,0,0
2010-03-04 3:00:00,126,-5,1,1017,SE,12.97,0,0
2010-03-04 4:00:00,125,-4,0,1016,cv,0.89,0,0
2010-03-04 5:00:00,121,-3,0,1015,NE,1.79,0,0
2010-03-04 6:00:00,123,-4,-1,1015,SE,1.79,0,0
2010-03-04 7:00:00,126,-4,-1,1015,SE,3.58,0,0
2010-03-04 8:00:00,131,-3,0,1016,SE,4.47,0,0
2010-03-04 9:00:00,126,-4,1,1016,SE,7.6,0,0
2010-03-04 10:00:00,156,-4,3,1016,SE,9.39,0,0
2010-03-04 11:00:00,187,-4,3,1015,SE,12.52,0,0
2010-03-04 12:00:00,220,-4,4,1015,SE,14.31,0,0
2010-03-04 13:00:00,237,-4,6,1014,SE,17.44,0,0
2010-03-04 14:00:00,252,-4,7,1013,SE,19.23,0,0
2010-03-04 15:00:00,226,-4,7,1014,SE,22.36,0,0
2010-03-04 16:00:00,231,-3,5,1013,NW,3.13,0,1
2010-03-04 17:00:00,222,-2,3,1013,NW,8.05,0,0
2010-03-04 18:00:00,246,-2,3,1013,cv,0.89,0,0
2010-03-04 19:00:00,261,-2,3,1014,cv,1.78,0,0
2010-03-04 20:00:00,256,-2,3,1015,NW,1.79,0,0
2010-03-04 21:00:00,255,-2,3,1016,NW,4.92,0,0
2010-03-04 22:00:00,263,-2,2,1017,NW,8.05,0,0
2010-03-04 23:00:00,269,-2,2,1018,NW,12.07,0,0
2010-03-05 0:00:00,248,-2,1,1019,NW,16.99,0,0
2010-03-05 1:00:00,89,-10,3,1020,NW,22.8,0,0
2010-03-05 2:00:00,15,-13,2,1021,NW,26.82,0,0
2010-03-05 3:00:00,19,-17,1,1022,NW,35.76,0,0
2010-03-05 4:00:00,15,-16,0,1022,NW,45.59,0,0
2010-03-05 5:00:00,13,-16,-1,1024,NW,53.64,0,0
2010-03-05 6:00:00,16,-16,-2,1026,NW,62.58,0,0
2010-03-05 7:00:00,19,-18,-3,1027,NW,71.52,0,0
2010-03-05 8:00:00,19,-19,-2,1028,NW,81.35,0,0
2010-03-05 9:00:00,24,-23,-1,1027,NW,95.21,0,0
2010-03-05 10:00:00,24,-25,0,1027,NW,105.04,0,0
2010-03-05 11:00:00,17,-25,2,1029,NW,110.85,0,0
2010-03-05 12:00:00,11,-24,2,1029,NW,116.66,0,0
2010-03-05 13:00:00,17,-25,3,1028,NW,123.81,0,0
2010-03-05 14:00:00,14,-25,3,1028,NW,130.96,0,0
2010-03-05 15:00:00,16,-25,2,1028,NE,4.92,0,0
2010-03-05 16:00:00,16,-24,3,1028,cv,1.79,0,0
2010-03-05 17:00:00,18,-25,2,1029,NE,3.13,0,0
2010-03-05 18:00:00,22,-24,1,1029,NE,6.26,0,0
2010-03-05 19:00:00,30,-24,0,1030,NE,9.39,0,0
2010-03-05 20:00:00,27,-25,0,1030,NE,12.52,0,0
2010-03-05 21:00:00,29,-23,0,1031,NE,17.44,0,0
2010-03-05 22:00:00,20,-22,-1,1032,NE,23.25,0,0
2010-03-05 23:00:00,14,-22,-2,1033,NE,29.06,0,0
2010-03-06 0:00:00,19,-22,-2,1033,NE,34.87,0,0
2010-03-06 1:00:00,16,-21,-3,1034,NE,40.68,0,0
2010-03-06 2:00:00,12,-21,-3,1034,NE,44.7,0,0
2010-03-06 3:00:00,13,-22,-4,1035,NE,49.62,0,0
2010-03-06 4:00:00,15,-22,-4,1034,NE,55.43,0,0
2010-03-06 5:00:00,11,-23,-5,1034,NE,61.24,0,0
2010-03-06 6:00:00,19,-23,-5,1035,NE,66.16,0,0
2010-03-06 7:00:00,16,-23,-5,1035,NE,71.97,0,0
2010-03-06 8:00:00,27,-22,-5,1035,NE,76.89,0,0
2010-03-06 9:00:00,23,-22,-3,1036,NE,80.91,0,0
2010-03-06 10:00:00,29,-23,-2,1036,NE,82.7,0,0
2010-03-06 11:00:00,26,-22,-1,1035,NW,1.79,0,0
2010-03-06 12:00:00,39,-22,0,1034,SE,1.79,0,0
2010-03-06 13:00:00,52,-20,1,1033,cv,3.13,0,0
2010-03-06 14:00:00,65,-18,1,1032,cv,4.92,0,0
2010-03-06 15:00:00,91,-13,2,1031,SE,4.02,0,0
2010-03-06 16:00:00,103,-13,2,1031,cv,1.79,0,0
2010-03-06 17:00:00,99,-10,1,1031,SE,3.13,0,0
2010-03-06 18:00:00,99,-9,-1,1032,SE,6.26,0,0
2010-03-06 19:00:00,103,-9,-1,1032,SE,9.39,0,0
2010-03-06 20:00:00,96,-9,-1,1033,SE,11.18,0,0
2010-03-06 21:00:00,76,-9,-3,1034,SE,12.07,0,0
2010-03-06 22:00:00,69,-9,-4,1034,SE,13.86,0,0
2010-03-06 23:00:00,83,-9,-3,1035,SE,18.78,0,0
2010-03-07 0:00:00,62,-9,-3,1035,SE,21.91,0,0
2010-03-07 1:00:00,51,-9,-4,1035,SE,25.04,0,0
2010-03-07 2:00:00,53,-9,-5,1035,SE,28.17,0,0
2010-03-07 3:00:00,68,-10,-6,1035,SE,31.3,0,0
2010-03-07 4:00:00,71,-9,-5,1035,SE,34.43,0,0
2010-03-07 5:00:00,62,-10,-5,1035,SE,37.56,0,0
2010-03-07 6:00:00,58,-10,-6,1035,SE,39.35,0,0
2010-03-07 7:00:00,69,-11,-7,1036,cv,0.45,0,0
2010-03-07 8:00:00,74,-9,-5,1037,cv,0.9,1,0
2010-03-07 9:00:00,67,-10,-3,1037,SE,1.79,0,0
2010-03-07 10:00:00,57,-10,-2,1035,SE,4.92,0,0
2010-03-07 11:00:00,69,-10,-1,1036,SE,8.05,0,0
2010-03-07 12:00:00,83,-11,0,1036,SE,11.18,0,0
2010-03-07 13:00:00,92,-11,1,1035,cv,1.79,0,0
2010-03-07 14:00:00,100,-10,0,1034,cv,3.58,0,0
2010-03-07 15:00:00,108,-11,0,1034,SE,3.13,0,0
2010-03-07 16:00:00,132,-11,0,1033,SE,6.26,0,0
2010-03-07 17:00:00,132,-12,0,1034,SE,8.05,0,0
2010-03-07 18:00:00,134,-12,-1,1034,cv,0.89,0,0
2010-03-07 19:00:00,128,-11,-1,1035,SE,1.79,0,0
2010-03-07 20:00:00,124,-10,-1,1036,cv,0.89,0,0
2010-03-07 21:00:00,116,-10,-1,1036,cv,1.78,0,0
2010-03-07 22:00:00,114,-10,-1,1036,cv,2.67,0,0
2010-03-07 23:00:00,70,-11,-3,1037,cv,3.56,0,0
2010-03-08 0:00:00,76,-5,-4,1038,SE,1.79,0,0
2010-03-08 1:00:00,68,-5,-4,1038,SE,3.58,0,0
2010-03-08 2:00:00,74,-5,-4,1038,SE,5.37,1,0
2010-03-08 3:00:00,75,-5,-4,1038,SE,7.16,2,0
2010-03-08 4:00:00,63,-5,-4,1038,SE,10.29,3,0
2010-03-08 5:00:00,73,-5,-4,1038,SE,12.08,4,0
2010-03-08 6:00:00,61,-5,-4,1038,SE,13.87,5,0
2010-03-08 7:00:00,63,-5,-4,1038,SE,15.66,6,0
2010-03-08 8:00:00,65,-6,-5,1040,SE,18.79,7,0
2010-03-08 9:00:00,43,-7,-5,1040,SE,22.81,8,0
2010-03-08 10:00:00,29,-6,-4,1041,SE,24.6,9,0
2010-03-08 11:00:00,28,-6,-3,1041,SE,26.39,10,0
2010-03-08 12:00:00,26,-6,-2,1041,SE,28.18,11,0
2010-03-08 13:00:00,29,-6,-2,1040,cv,0.45,0,0
2010-03-08 14:00:00,32,-8,-2,1039,cv,1.34,0,0
2010-03-08 15:00:00,33,-7,-2,1039,cv,2.23,0,0
2010-03-08 16:00:00,43,-7,-2,1039,NW,1.79,0,0
2010-03-08 17:00:00,50,-7,-2,1039,NW,4.92,0,0
2010-03-08 18:00:00,56,-8,-3,1039,NW,8.05,0,0
2010-03-08 19:00:00,63,-8,-2,1040,NW,12.97,0,0
2010-03-08 20:00:00,47,-8,-3,1041,NW,17.89,0,0
2010-03-08 21:00:00,27,-10,-3,1041,NW,25.04,0,0
2010-03-08 22:00:00,20,-12,-4,1042,NW,33.09,0,0
2010-03-08 23:00:00,16,-13,-4,1042,NW,40.24,0,0
2010-03-09 0:00:00,5,-15,-5,1042,NW,46.05,0,0
2010-03-09 1:00:00,7,-16,-5,1042,NW,53.2,0,0
2010-03-09 2:00:00,8,-17,-6,1042,NW,60.35,0,0
2010-03-09 3:00:00,10,-18,-6,1041,NW,67.5,0,0
2010-03-09 4:00:00,13,-19,-7,1040,NW,73.31,0,0
2010-03-09 5:00:00,11,-19,-7,1040,NW,80.46,0,0
2010-03-09 6:00:00,13,-20,-8,1039,NW,84.48,0,0
2010-03-09 7:00:00,20,-18,-8,1039,NW,88.5,0,0
2010-03-09 8:00:00,18,-18,-6,1039,NW,92.52,0,0
2010-03-09 9:00:00,18,-19,-5,1039,NW,98.33,0,0
2010-03-09 10:00:00,14,-18,-4,1038,NW,105.48,0,0
2010-03-09 11:00:00,20,-17,-3,1037,NW,112.63,0,0
2010-03-09 12:00:00,19,-15,-2,1035,NW,119.78,0,0
2010-03-09 13:00:00,20,-16,-1,1034,NW,127.83,0,0
2010-03-09 14:00:00,20,-19,0,1032,NW,136.77,0,0
2010-03-09 15:00:00,23,-20,1,1031,NW,145.71,0,0
2010-03-09 16:00:00,21,-23,1,1031,NW,154.65,0,0
2010-03-09 17:00:00,14,-22,1,1030,NW,164.48,0,0
2010-03-09 18:00:00,16,-20,0,1030,NW,170.29,0,0
2010-03-09 19:00:00,16,-18,0,1030,NW,175.21,0,0
2010-03-09 20:00:00,26,-17,-2,1030,NW,179.23,0,0
2010-03-09 21:00:00,22,-18,-2,1030,cv,0.89,0,0
2010-03-09 22:00:00,27,-13,-5,1029,cv,1.78,0,0
2010-03-09 23:00:00,51,-16,-2,1029,SE,1.79,0,0
2010-03-10 0:00:00,46,-11,-5,1028,SE,2.68,0,0
2010-03-10 1:00:00,51,-13,-6,1027,NW,1.79,0,0
2010-03-10 2:00:00,48,-12,-6,1027,NW,2.68,0,0
2010-03-10 3:00:00,61,-13,-7,1026,NW,3.57,0,0
2010-03-10 4:00:00,58,-14,-8,1026,NW,5.36,0,0
2010-03-10 5:00:00,85,-14,-7,1025,NW,7.15,0,0
2010-03-10 6:00:00,84,-14,-9,1025,NW,10.28,0,0
2010-03-10 7:00:00,87,-13,-8,1025,cv,0.89,0,0
2010-03-10 8:00:00,111,-11,-4,1025,cv,1.78,0,0
2010-03-10 9:00:00,105,-13,-1,1025,cv,2.67,0,0
2010-03-10 10:00:00,70,-15,2,1024,NW,3.13,0,0
2010-03-10 11:00:00,53,-16,5,1023,NW,6.26,0,0
2010-03-10 12:00:00,48,-16,7,1021,cv,3.13,0,0
2010-03-10 13:00:00,44,-18,8,1020,SE,3.13,0,0
2010-03-10 14:00:00,33,-19,9,1018,SE,7.15,0,0
2010-03-10 15:00:00,37,-19,9,1017,SE,10.28,0,0
2010-03-10 16:00:00,40,-15,8,1016,SE,14.3,0,0
2010-03-10 17:00:00,34,-15,8,1016,SE,17.43,0,0
2010-03-10 18:00:00,32,-14,6,1016,SE,21.45,0,0
2010-03-10 19:00:00,33,-12,5,1016,SE,24.58,0,0
2010-03-10 20:00:00,51,-11,3,1017,SE,27.71,0,0
2010-03-10 21:00:00,62,-10,2,1017,SE,29.5,0,0
2010-03-10 22:00:00,68,-11,4,1017,SE,32.63,0,0
2010-03-10 23:00:00,89,-10,3,1016,SE,35.76,0,0
2010-03-11 0:00:00,101,-8,-1,1015,cv,0.89,0,0
2010-03-11 1:00:00,106,-8,-1,1014,SE,0.89,0,0
2010-03-11 2:00:00,144,-8,-4,1014,cv,0.45,0,0
2010-03-11 3:00:00,142,-8,-4,1014,NW,1.79,0,0
2010-03-11 4:00:00,140,-7,-3,1012,cv,0.89,0,0
2010-03-11 5:00:00,158,-8,-4,1013,NW,1.79,0,0
2010-03-11 6:00:00,135,-7,-4,1013,cv,0.89,0,0
2010-03-11 7:00:00,145,-7,-4,1012,cv,1.78,0,0
2010-03-11 8:00:00,161,-6,-1,1013,cv,2.67,0,0
2010-03-11 9:00:00,183,-9,1,1013,SE,0.89,0,0
2010-03-11 10:00:00,199,-10,3,1012,cv,0.89,0,0
2010-03-11 11:00:00,224,-10,5,1011,SE,3.13,0,0
2010-03-11 12:00:00,193,-10,6,1010,SE,6.26,0,0
2010-03-11 13:00:00,167,-10,7,1009,SE,9.39,0,0
2010-03-11 14:00:00,162,-9,8,1007,SE,12.52,0,0
2010-03-11 15:00:00,163,-9,8,1005,SE,16.54,0,0
2010-03-11 16:00:00,163,-8,9,1005,cv,1.79,0,0
2010-03-11 17:00:00,154,-9,8,1005,cv,2.68,0,0
2010-03-11 18:00:00,189,-6,6,1004,SE,1.79,0,0
2010-03-11 19:00:00,210,-6,5,1005,NW,4.02,0,0
2010-03-11 20:00:00,222,-6,4,1005,NW,5.81,0,0
2010-03-11 21:00:00,216,-6,3,1005,NW,7.6,0,0
2010-03-11 22:00:00,219,-6,4,1005,NW,10.73,0,0
2010-03-11 23:00:00,223,-6,2,1005,NW,11.62,0,0
2010-03-12 0:00:00,213,-6,5,1006,NW,16.54,0,0
2010-03-12 1:00:00,314,-9,10,1007,NW,31.74,0,0
2010-03-12 2:00:00,59,-10,8,1009,NW,39.79,0,0
2010-03-12 3:00:00,38,-10,6,1011,NW,47.84,0,0
2010-03-12 4:00:00,29,-13,5,1012,NW,57.67,0,0
2010-03-12 5:00:00,27,-13,4,1013,NW,64.82,0,0
2010-03-12 6:00:00,20,-13,3,1015,NW,73.76,0,0
2010-03-12 7:00:00,18,-14,3,1016,NW,82.7,0,0
2010-03-12 8:00:00,19,-15,4,1018,NW,88.51,0,0
2010-03-12 9:00:00,14,-16,5,1019,NE,3.13,0,0
2010-03-12 10:00:00,19,-18,6,1020,NW,8.05,0,0
2010-03-12 11:00:00,23,-20,7,1020,NW,12.97,0,0
2010-03-12 12:00:00,14,-20,8,1020,NW,20.12,0,0
2010-03-12 13:00:00,12,-18,9,1019,NW,25.93,0,0
2010-03-12 14:00:00,12,-19,9,1019,NW,30.85,0,0
2010-03-12 15:00:00,16,-18,9,1019,NE,3.13,0,0
2010-03-12 16:00:00,16,-19,8,1019,SE,3.13,0,0
2010-03-12 17:00:00,17,-18,8,1020,NE,3.13,0,0
2010-03-12 18:00:00,19,-19,7,1020,SE,1.79,0,0
2010-03-12 19:00:00,32,-17,4,1021,SE,2.68,0,0
2010-03-12 20:00:00,53,-13,2,1023,cv,0.89,0,0
2010-03-12 21:00:00,54,-8,0,1023,NE,0.89,0,0
2010-03-12 22:00:00,52,-12,2,1024,SE,4.02,0,0
2010-03-12 23:00:00,91,-5,1,1025,SE,8.04,0,0
2010-03-13 0:00:00,79,-5,0,1026,SE,12.06,0,0
2010-03-13 1:00:00,71,-6,0,1027,SE,16.08,0,0
2010-03-13 2:00:00,47,-7,-1,1026,SE,19.21,0,0
2010-03-13 3:00:00,40,-7,-1,1028,cv,0.89,0,0
2010-03-13 4:00:00,41,-7,0,1028,SE,3.13,0,0
2010-03-13 5:00:00,41,-8,0,1028,SE,6.26,0,0
2010-03-13 6:00:00,38,-10,0,1028,SE,8.05,0,0
2010-03-13 7:00:00,50,-10,-1,1028,cv,0.89,0,0
2010-03-13 8:00:00,69,-12,0,1029,SE,1.79,0,0
2010-03-13 9:00:00,82,-13,1,1029,SE,5.81,0,0
2010-03-13 10:00:00,79,-13,2,1029,SE,9.83,0,0
2010-03-13 11:00:00,76,-12,4,1029,SE,12.96,0,0
2010-03-13 12:00:00,78,-12,5,1028,SE,16.98,0,0
2010-03-13 13:00:00,71,-11,7,1027,SE,21,0,0
2010-03-13 14:00:00,73,-10,7,1025,SE,25.02,0,0
2010-03-13 15:00:00,68,-10,7,1024,SE,29.04,0,0
2010-03-13 16:00:00,58,-9,8,1024,SE,33.96,0,0
2010-03-13 17:00:00,61,-10,7,1023,SE,37.98,0,0
2010-03-13 18:00:00,58,-11,6,1024,SE,42,0,0
2010-03-13 19:00:00,75,-10,5,1024,SE,47.81,0,0
2010-03-13 20:00:00,78,-10,4,1024,SE,51.83,0,0
2010-03-13 21:00:00,64,-10,3,1025,SE,56.75,0,0
2010-03-13 22:00:00,53,-11,3,1025,SE,60.77,0,0
2010-03-13 23:00:00,41,-10,3,1025,cv,0.89,0,0
2010-03-14 0:00:00,37,-11,2,1025,SE,3.13,0,0
2010-03-14 1:00:00,44,-10,2,1025,SE,4.92,0,0
2010-03-14 2:00:00,65,-9,2,1024,SE,6.71,0,0
2010-03-14 3:00:00,68,-8,2,1023,cv,0.89,0,0
2010-03-14 4:00:00,75,-9,2,1023,SE,0.89,0,1
2010-03-14 5:00:00,80,-8,1,1023,cv,0.45,0,2
2010-03-14 6:00:00,80,-6,1,1023,NW,3.13,0,3
2010-03-14 7:00:00,105,-3,-1,1022,NW,6.26,1,0
2010-03-14 8:00:00,86,-2,-1,1022,NW,9.39,2,0
2010-03-14 9:00:00,93,-2,-1,1022,NW,11.18,3,0
2010-03-14 10:00:00,90,-2,-1,1021,NW,14.31,4,0
2010-03-14 11:00:00,73,-1,-1,1021,NW,16.1,6,0
2010-03-14 12:00:00,68,-1,0,1021,NW,20.12,8,0
2010-03-14 13:00:00,68,-1,0,1020,NW,23.25,9,0
2010-03-14 14:00:00,78,-1,0,1019,NW,26.38,10,0
2010-03-14 15:00:00,83,-1,0,1019,NW,28.17,11,0
2010-03-14 16:00:00,86,-1,0,1019,NW,29.96,13,0
2010-03-14 17:00:00,94,-1,0,1018,cv,0.45,14,0
2010-03-14 18:00:00,112,-1,0,1018,NE,0.89,0,0
2010-03-14 19:00:00,108,-2,-1,1018,NW,1.79,0,0
2010-03-14 20:00:00,116,-1,0,1019,NW,4.92,0,0
2010-03-14 21:00:00,105,-1,0,1019,NW,8.94,0,0
2010-03-14 22:00:00,112,-1,1,1019,NW,12.07,0,0
2010-03-14 23:00:00,87,-2,-1,1019,NW,13.86,0,0
2010-03-15 0:00:00,103,-1,0,1019,NW,17.88,0,0
2010-03-15 1:00:00,129,-1,0,1020,NW,21.01,0,0
2010-03-15 2:00:00,153,-2,2,1020,NW,26.82,0,0
2010-03-15 3:00:00,220,-3,1,1020,SE,1.79,0,0
2010-03-15 4:00:00,175,-8,2,1020,NW,4.02,0,0
2010-03-15 5:00:00,132,-10,2,1020,NW,11.17,0,0
2010-03-15 6:00:00,69,-13,1,1021,NW,16.98,0,0
2010-03-15 7:00:00,60,-12,0,1022,NW,22.79,0,0
2010-03-15 8:00:00,50,-13,1,1023,NW,26.81,0,0
2010-03-15 9:00:00,43,-13,1,1024,NW,33.96,0,0
2010-03-15 10:00:00,36,-11,1,1025,NW,41.11,0,0
2010-03-15 11:00:00,26,-12,2,1025,NW,50.05,0,0
2010-03-15 12:00:00,21,-12,2,1025,NW,62.12,0,0
2010-03-15 13:00:00,27,-11,2,1024,NW,73.3,0,0
2010-03-15 14:00:00,21,-10,3,1024,NW,83.13,0,0
2010-03-15 15:00:00,22,-11,3,1024,NW,94.31,0,0
2010-03-15 16:00:00,22,-11,4,1024,NW,106.38,0,0
2010-03-15 17:00:00,17,-11,4,1024,NW,116.21,0,0
2010-03-15 18:00:00,25,-11,3,1024,NW,124.26,0,0
2010-03-15 19:00:00,52,-12,3,1025,NW,129.18,0,0
2010-03-15 20:00:00,30,-11,1,1026,NW,132.31,0,0
2010-03-15 21:00:00,33,-13,2,1026,NW,134.1,0,0
2010-03-15 22:00:00,38,-11,-1,1026,NW,135.89,0,0
2010-03-15 23:00:00,44,-11,-1,1026,cv,0.89,0,0
2010-03-16 0:00:00,61,-10,-3,1026,NW,0.89,0,0
2010-03-16 1:00:00,63,-9,-3,1025,cv,0.89,0,0
2010-03-16 2:00:00,72,-9,-4,1025,cv,1.78,0,0
2010-03-16 3:00:00,67,-9,-4,1024,cv,2.67,0,0
2010-03-16 4:00:00,55,-9,-6,1023,SE,0.89,0,0
2010-03-16 5:00:00,50,-10,-7,1023,cv,0.89,0,0
2010-03-16 6:00:00,55,-10,-7,1023,cv,1.78,0,0
2010-03-16 7:00:00,71,-10,-7,1024,NE,0.89,0,0
2010-03-16 8:00:00,79,-9,-3,1024,NW,1.79,0,0
2010-03-16 9:00:00,72,-9,-1,1025,NW,3.58,0,0
2010-03-16 10:00:00,73,-12,1,1024,NW,6.71,0,0
2010-03-16 11:00:00,73,-15,2,1024,NW,8.5,0,0
2010-03-16 12:00:00,53,-13,4,1023,NE,1.79,0,0
2010-03-16 13:00:00,56,-13,5,1022,NE,3.58,0,0
2010-03-16 14:00:00,60,-14,6,1022,NE,5.37,0,0
2010-03-16 15:00:00,64,-13,6,1021,NW,1.79,0,0
2010-03-16 16:00:00,53,-14,7,1021,NW,3.58,0,0
2010-03-16 17:00:00,45,-12,7,1021,NW,6.71,0,0
2010-03-16 18:00:00,54,-11,4,1021,NW,8.5,0,0
2010-03-16 19:00:00,62,-10,3,1022,NW,11.63,0,0
2010-03-16 20:00:00,63,-7,2,1023,NW,14.76,0,0
2010-03-16 21:00:00,67,-9,2,1023,NE,1.79,0,0
2010-03-16 22:00:00,85,-11,4,1024,NW,3.13,0,0
2010-03-16 23:00:00,89,-11,4,1024,NE,3.13,0,0
2010-03-17 0:00:00,76,-9,3,1025,NW,3.13,0,0
2010-03-17 1:00:00,41,-7,2,1026,SE,1.79,0,0
2010-03-17 2:00:00,83,-7,1,1026,NE,1.79,0,0
2010-03-17 3:00:00,85,-11,2,1025,NE,6.71,0,0
2010-03-17 4:00:00,41,-11,2,1026,NE,9.84,0,0
2010-03-17 5:00:00,18,-12,2,1026,NE,13.86,0,0
2010-03-17 6:00:00,27,-13,1,1027,NE,19.67,0,0
2010-03-17 7:00:00,33,-15,1,1027,NE,26.82,0,0
2010-03-17 8:00:00,34,-15,1,1028,NE,33.97,0,0
2010-03-17 9:00:00,28,-16,2,1029,NE,39.78,0,0
2010-03-17 10:00:00,27,-15,3,1029,NE,44.7,0,0
2010-03-17 11:00:00,23,-15,5,1028,NE,49.62,0,0
2010-03-17 12:00:00,22,-14,5,1027,NE,54.54,0,0
2010-03-17 13:00:00,26,-17,6,1027,NE,58.56,0,0
2010-03-17 14:00:00,20,-17,6,1026,SE,3.13,0,0
2010-03-17 15:00:00,21,-17,7,1025,NE,3.13,0,0
2010-03-17 16:00:00,24,-18,7,1025,cv,1.79,0,0
2010-03-17 17:00:00,23,-17,7,1025,cv,2.68,0,0
2010-03-17 18:00:00,28,-14,5,1025,SE,0.89,0,0
2010-03-17 19:00:00,39,-12,3,1025,cv,0.89,0,0
2010-03-17 20:00:00,51,-12,2,1026,SE,0.89,0,0
2010-03-17 21:00:00,67,-11,1,1026,cv,0.45,0,0
2010-03-17 22:00:00,66,-7,-1,1026,NE,0.89,0,0
2010-03-17 23:00:00,76,-6,-1,1027,SE,4.92,0,0
2010-03-18 0:00:00,71,-5,-1,1027,SE,9.84,0,0
2010-03-18 1:00:00,89,-5,-2,1027,SE,13.86,0,0
2010-03-18 2:00:00,96,-5,-2,1026,SE,17.88,0,0
2010-03-18 3:00:00,91,-5,-2,1026,SE,19.67,0,0
2010-03-18 4:00:00,86,-5,-2,1025,cv,0.89,0,0
2010-03-18 5:00:00,83,-4,-2,1025,cv,1.78,0,0
2010-03-18 6:00:00,80,-4,-1,1025,cv,2.67,0,0
2010-03-18 7:00:00,90,-4,-1,1024,cv,3.56,0,0
2010-03-18 8:00:00,110,-4,-1,1024,SE,1.79,0,0
2010-03-18 9:00:00,135,-4,-1,1024,SE,3.58,0,0
2010-03-18 10:00:00,144,-3,0,1023,SE,5.37,1,0
2010-03-18 11:00:00,166,-3,1,1022,cv,0.89,0,0
2010-03-18 12:00:00,179,-3,2,1021,SE,1.79,0,0
2010-03-18 13:00:00,201,-3,3,1020,SE,3.58,0,0
2010-03-18 14:00:00,227,-2,4,1018,cv,0.89,0,0
2010-03-18 15:00:00,219,-2,3,1016,NW,3.13,0,0
2010-03-18 16:00:00,208,-2,2,1015,NE,3.13,0,0
2010-03-18 17:00:00,202,-3,2,1015,NW,4.02,0,0
2010-03-18 18:00:00,205,-2,2,1014,NW,5.81,0,0
2010-03-18 19:00:00,206,-2,2,1014,NW,7.6,0,0
2010-03-18 20:00:00,209,-3,2,1014,cv,0.89,0,0
2010-03-18 21:00:00,226,-2,2,1013,NE,0.89,0,0
2010-03-18 22:00:00,222,-2,2,1012,NE,1.78,0,0
2010-03-18 23:00:00,239,-2,2,1011,cv,0.89,0,0
2010-03-19 0:00:00,241,-1,2,1011,cv,1.78,0,0
2010-03-19 1:00:00,249,-1,3,1009,cv,2.67,0,0
2010-03-19 2:00:00,248,0,3,1008,cv,3.56,0,0
2010-03-19 3:00:00,247,2,3,1007,SE,1.79,0,1
2010-03-19 4:00:00,228,2,3,1006,cv,0.89,0,2
2010-03-19 5:00:00,225,2,3,1005,NW,0.89,0,3
2010-03-19 6:00:00,222,2,3,1005,NW,1.78,0,0
2010-03-19 7:00:00,221,2,2,1004,NW,3.57,0,0
2010-03-19 8:00:00,214,2,3,1004,NW,5.36,0,0
2010-03-19 9:00:00,217,2,3,1004,NW,8.49,0,0
2010-03-19 10:00:00,231,2,3,1003,NW,10.28,0,0
2010-03-19 11:00:00,249,3,4,1002,cv,0.89,0,0
2010-03-19 12:00:00,245,3,5,1002,NE,1.79,0,0
2010-03-19 13:00:00,250,3,5,1001,cv,0.89,0,0
2010-03-19 14:00:00,232,2,7,1001,cv,1.78,0,0
2010-03-19 15:00:00,243,2,7,1000,SE,1.79,0,0
2010-03-19 16:00:00,239,2,7,1001,cv,0.89,0,0
2010-03-19 17:00:00,234,2,7,1001,cv,1.78,0,0
2010-03-19 18:00:00,240,2,7,1001,cv,2.67,0,0
2010-03-19 19:00:00,224,2,6,1001,SE,1.79,0,0
2010-03-19 20:00:00,206,2,6,1002,SE,5.81,0,0
2010-03-19 21:00:00,217,2,5,1002,SE,8.94,0,0
2010-03-19 22:00:00,180,2,4,1002,cv,0.89,0,0
2010-03-19 23:00:00,180,2,4,1002,SE,1.79,0,0
2010-03-20 0:00:00,183,3,4,1002,cv,0.89,0,0
2010-03-20 1:00:00,180,3,5,1003,NE,1.79,0,0
2010-03-20 2:00:00,216,3,4,1001,SE,1.79,0,0
2010-03-20 3:00:00,215,3,4,1001,NW,1.79,0,0
2010-03-20 4:00:00,700,2,6,1000,NW,4.92,0,0
2010-03-20 5:00:00,0,2,5,999,SE,1.79,0,0
2010-03-20 6:00:00,0,-6,9,1001,NW,12.07,0,0
2010-03-20 7:00:00,473,-2,7,1002,NW,23.25,0,0
2010-03-20 8:00:00,201,-5,7,1003,NW,35.32,0,0
2010-03-20 9:00:00,274,-5,7,1004,NW,46.5,0,0
2010-03-20 10:00:00,381,-5,7,1006,NW,58.57,0,0
2010-03-20 11:00:00,343,-7,8,1008,NW,69.75,0,0
2010-03-20 12:00:00,156,-10,8,1010,NW,84.95,0,0
2010-03-20 13:00:00,64,-14,7,1012,NW,98.81,0,0
2010-03-20 14:00:00,51,-19,10,1012,NW,114.01,0,0
2010-03-20 15:00:00,47,-18,10,1012,NW,129.21,0,0
2010-03-20 16:00:00,37,-17,10,1013,NW,140.39,0,0
2010-03-20 17:00:00,26,-15,9,1014,NW,149.33,0,0
2010-03-20 18:00:00,22,-13,8,1015,NW,158.27,0,0
2010-03-20 19:00:00,19,-12,7,1016,NW,163.19,0,0
2010-03-20 20:00:00,23,-12,7,1016,NW,166.32,0,0
2010-03-20 21:00:00,21,-10,7,1017,NW,171.24,0,0
2010-03-20 22:00:00,27,-7,6,1017,NW,177.05,0,0
2010-03-20 23:00:00,41,-5,5,1017,NW,181.97,0,0
2010-03-21 0:00:00,46,-6,3,1017,NW,185.1,0,0
2010-03-21 1:00:00,55,-5,3,1017,cv,0.89,0,0
2010-03-21 2:00:00,46,-5,2,1018,cv,1.78,0,0
2010-03-21 3:00:00,60,-6,2,1017,SE,1.79,0,0
2010-03-21 4:00:00,47,-6,0,1016,SE,3.58,0,0
2010-03-21 5:00:00,50,-5,1,1016,SE,5.37,0,0
2010-03-21 6:00:00,51,-5,1,1017,cv,0.89,0,0
2010-03-21 7:00:00,41,-5,0,1017,cv,1.78,0,0
2010-03-21 8:00:00,48,-5,4,1017,SE,1.79,0,0
2010-03-21 9:00:00,50,-8,7,1017,SE,4.92,0,0
2010-03-21 10:00:00,55,-10,10,1016,SE,8.94,0,0
2010-03-21 11:00:00,56,-12,11,1016,SE,12.96,0,0
2010-03-21 12:00:00,52,-14,12,1013,SE,18.77,0,0
2010-03-21 13:00:00,49,-14,13,1012,cv,3.13,0,0
2010-03-21 14:00:00,53,-14,14,1011,SE,4.92,0,0
2010-03-21 15:00:00,73,-13,14,1010,SE,10.73,0,0
2010-03-21 16:00:00,82,-12,14,1010,SE,13.86,0,0
2010-03-21 17:00:00,90,-12,14,1009,SE,17.88,0,0
2010-03-21 18:00:00,106,-11,13,1009,SE,21.9,0,0
2010-03-21 19:00:00,113,-5,10,1010,SE,25.92,0,0
2010-03-21 20:00:00,121,-5,9,1010,SE,30.84,0,0
2010-03-21 21:00:00,116,-5,8,1011,SE,34.86,0,0
2010-03-21 22:00:00,111,-5,7,1012,SE,37.99,0,0
2010-03-21 23:00:00,83,-5,7,1012,cv,3.13,0,0
2010-03-22 0:00:00,85,-5,6,1012,SE,1.79,0,0
2010-03-22 1:00:00,87,-3,5,1011,NW,3.13,0,0
2010-03-22 2:00:00,90,-3,6,1011,NE,0.89,0,0
2010-03-22 3:00:00,90,-3,5,1011,cv,0.89,0,0
2010-03-22 4:00:00,100,-4,5,1010,cv,1.78,0,0
2010-03-22 5:00:00,95,-4,4,1010,NE,0.89,0,0
2010-03-22 6:00:00,96,-3,3,1010,SE,1.79,0,0
2010-03-22 7:00:00,102,-2,4,1011,SE,2.68,0,0
2010-03-22 8:00:00,112,-2,5,1012,cv,0.89,0,0
2010-03-22 9:00:00,315,-2,6,1012,NW,3.13,0,0
2010-03-22 10:00:00,784,-8,11,1013,NW,11.18,0,0
2010-03-22 11:00:00,761,-10,12,1013,NW,18.33,0,0
2010-03-22 12:00:00,204,-11,12,1013,NW,28.16,0,0
2010-03-22 13:00:00,122,-12,13,1014,NW,37.99,0,0
2010-03-22 14:00:00,158,-10,13,1014,NW,47.82,0,0
2010-03-22 15:00:00,226,-14,14,1014,NW,57.65,0,0
2010-03-22 16:00:00,128,-13,14,1015,NW,67.48,0,0
2010-03-22 17:00:00,49,-14,13,1015,NW,77.31,0,0
2010-03-22 18:00:00,47,-12,12,1016,NW,84.46,0,0
2010-03-22 19:00:00,27,-12,11,1018,NW,92.51,0,0
2010-03-22 20:00:00,25,-12,9,1019,NW,97.43,0,0
2010-03-22 21:00:00,27,-12,9,1020,NW,103.24,0,0
2010-03-22 22:00:00,18,-11,8,1021,NW,110.39,0,0
2010-03-22 23:00:00,0,-10,7,1022,NE,4.02,0,0
2010-03-23 0:00:00,28,-10,7,1022,NW,4.02,0,0
2010-03-23 1:00:00,16,-9,5,1022,NE,1.79,0,0
2010-03-23 2:00:00,24,-10,6,1022,NE,7.6,0,0
2010-03-23 3:00:00,24,-9,1,1021,NW,4.02,0,0
2010-03-23 4:00:00,25,-8,2,1022,cv,0.89,0,0
2010-03-23 5:00:00,46,-6,0,1022,NE,0.89,0,0
2010-03-23 6:00:00,54,-8,0,1022,NW,0.89,0,0
2010-03-23 7:00:00,60,-7,1,1023,cv,0.89,0,0
2010-03-23 8:00:00,86,-6,4,1023,NW,0.89,0,0
2010-03-23 9:00:00,58,-6,6,1024,SE,3.13,0,0
2010-03-23 10:00:00,63,-7,10,1024,SE,8.94,0,0
2010-03-23 11:00:00,59,-7,11,1023,SE,14.75,0,0
2010-03-23 12:00:00,59,-8,12,1022,SE,21.9,0,0
2010-03-23 13:00:00,54,-8,13,1021,SE,29.05,0,0
2010-03-23 14:00:00,53,-8,13,1019,SE,34.86,0,0
2010-03-23 15:00:00,55,-8,13,1018,SE,40.67,0,0
2010-03-23 16:00:00,60,-8,13,1018,SE,46.48,0,0
2010-03-23 17:00:00,55,-9,12,1018,SE,52.29,0,0
2010-03-23 18:00:00,64,-8,11,1018,SE,59.44,0,0
2010-03-23 19:00:00,64,-8,11,1019,SE,64.36,0,0
2010-03-23 20:00:00,55,-7,9,1020,SE,67.49,0,0
2010-03-23 21:00:00,57,-8,10,1020,SE,71.51,0,0
2010-03-23 22:00:00,63,-6,7,1020,SE,75.53,0,0
2010-03-23 23:00:00,69,-7,6,1020,SE,79.55,0,0
2010-03-24 0:00:00,70,-6,6,1020,SE,83.57,0,0
2010-03-24 1:00:00,72,-6,6,1020,SE,86.7,0,0
2010-03-24 2:00:00,71,-5,5,1019,SE,89.83,0,0
2010-03-24 3:00:00,73,-6,4,1020,NE,3.13,0,0
2010-03-24 4:00:00,71,-6,5,1020,SE,1.79,0,0
2010-03-24 5:00:00,70,-6,4,1020,NE,1.79,0,0
2010-03-24 6:00:00,68,-5,4,1021,NW,1.79,0,0
2010-03-24 7:00:00,63,-4,4,1022,NW,4.92,0,0
2010-03-24 8:00:00,67,-6,7,1022,NW,10.73,0,0
2010-03-24 9:00:00,76,-8,9,1022,NW,16.54,0,0
2010-03-24 10:00:00,65,-11,10,1023,NE,7.15,0,0
2010-03-24 11:00:00,44,-14,11,1023,NE,14.3,0,0
2010-03-24 12:00:00,36,-15,11,1022,NE,19.22,0,0
2010-03-24 13:00:00,29,-16,11,1022,NE,24.14,0,0
2010-03-24 14:00:00,20,-15,11,1021,SE,4.02,0,0
2010-03-24 15:00:00,53,-9,10,1022,SE,8.04,0,0
2010-03-24 16:00:00,92,-8,10,1021,SE,12.96,0,0
2010-03-24 17:00:00,134,-5,9,1022,SE,18.77,0,0
2010-03-24 18:00:00,97,-4,7,1023,SE,23.69,0,0
2010-03-24 19:00:00,64,-3,6,1024,SE,27.71,0,0
2010-03-24 20:00:00,52,-1,6,1026,NW,4.92,0,1
2010-03-24 21:00:00,63,1,3,1027,NE,3.13,0,2
2010-03-24 22:00:00,36,1,2,1027,SE,4.02,0,3
2010-03-24 23:00:00,22,0,1,1027,SE,7.15,0,0
2010-03-25 0:00:00,48,0,2,1027,SE,10.28,0,0
2010-03-25 1:00:00,52,0,1,1028,SE,14.3,0,0
2010-03-25 2:00:00,43,-1,1,1028,SE,16.09,0,0
2010-03-25 3:00:00,44,-2,1,1028,SE,17.88,0,0
2010-03-25 4:00:00,51,-2,1,1027,SE,19.67,0,0
2010-03-25 5:00:00,69,-2,1,1028,NW,1.79,0,0
2010-03-25 6:00:00,54,-2,1,1029,NW,5.81,0,0
2010-03-25 7:00:00,10,-13,1,1029,NW,12.96,0,0
2010-03-25 8:00:00,12,-16,3,1030,NW,21.01,0,0
2010-03-25 9:00:00,10,-15,4,1030,NW,28.16,0,0
2010-03-25 10:00:00,9,-17,5,1030,NW,37.99,0,0
2010-03-25 11:00:00,12,-20,6,1029,NW,46.93,0,0
2010-03-25 12:00:00,12,-20,7,1028,NW,51.85,0,0
2010-03-25 13:00:00,18,-20,6,1027,cv,1.79,0,0
2010-03-25 14:00:00,16,-19,8,1025,NW,4.02,0,0
2010-03-25 15:00:00,20,-19,8,1023,NW,9.83,0,0
2010-03-25 16:00:00,20,-18,9,1022,NW,13.85,0,0
2010-03-25 17:00:00,18,-16,8,1022,SE,3.13,0,0
2010-03-25 18:00:00,30,-14,7,1021,SE,4.92,0,0
2010-03-25 19:00:00,27,-12,6,1022,cv,0.89,0,0
2010-03-25 20:00:00,29,-10,5,1023,SE,1.79,0,0
2010-03-25 21:00:00,33,-10,6,1023,cv,0.89,0,0
2010-03-25 22:00:00,34,-10,5,1023,cv,1.78,0,0
2010-03-25 23:00:00,59,-6,3,1023,cv,2.67,0,0
2010-03-26 0:00:00,63,-7,2,1023,SE,0.89,0,0
2010-03-26 1:00:00,67,-6,1,1023,cv,0.89,0,0
2010-03-26 2:00:00,62,-9,1,1023,NW,3.13,0,0
2010-03-26 3:00:00,72,-11,-1,1022,cv,0.45,0,0
2010-03-26 4:00:00,48,-7,-1,1022,cv,0.9,0,0
2010-03-26 5:00:00,70,-9,-1,1022,SE,0.89,0,0
2010-03-26 6:00:00,57,-8,-2,1021,cv,0.89,0,0
2010-03-26 7:00:00,61,-6,-1,1021,SE,0.89,0,0